CustomerID,TerritoryID
11012,1
11013,1
11014,1
11021,1
11022,1
11040,1
11062,1
11063,1
11066,1
11067,1
11084,1
11128,1
11129,1
11130,1
11133,1
11137,1
11144,1
11145,1
11152,1
11153,1
11154,1
11157,1
11166,1
11167,1
11170,1
11172,1
11173,1
11182,1
11187,1
11189,1
11192,1
11193,1
11195,1
11196,1
11197,1
11204,1
11205,1
11206,1
11207,1
11213,1
11214,1
11216,1
11217,1
11218,1
11219,1
11224,1
11225,1
11226,1
11231,1
11232,1
11235,1
11236,1
11254,1
11255,1
11256,1
11259,1
11263,1
11264,1
11265,1
11266,1
11274,1
11278,1
11279,1
11280,1
11282,1
11293,1
11294,1
11296,1
11301,1
11302,1
11303,1
11304,1
11308,1
11309,1
11311,1
11312,1
11313,1
11314,1
11315,1
11317,1
11318,1
11321,1
11322,1
11325,1
11508,1
11511,1
11514,1
11518,1
11521,1
11522,1
11525,1
11529,1
11532,1
11535,1
11541,1
11620,1
11621,1
11622,1
11630,1
11633,1
11634,1
11643,1
11644,1
11645,1
11646,1
11653,1
11662,1
11663,1
11667,1
11669,1
11673,1
11675,1
11678,1
11679,1
11680,1
11681,1
11682,1
11684,1
11685,1
11688,1
11689,1
11690,1
11696,1
11699,1
11713,1
11717,1
11718,1
11722,1
11725,1
11726,1
11728,1
11729,1
11730,1
11735,1
11745,1
11746,1
11747,1
11770,1
11771,1
11772,1
11778,1
11779,1
11780,1
11785,1
11786,1
11791,1
11798,1
11799,1
11800,1
11801,1
11803,1
11804,1
11810,1
11812,1
11813,1
11814,1
11815,1
11819,1
11828,1
11829,1
11832,1
11836,1
11838,1
11842,1
11843,1
11847,1
11848,1
11856,1
11857,1
11859,1
11862,1
11863,1
11864,1
11870,1
11871,1
11878,1
11879,1
11880,1
11882,1
11883,1
11884,1
11889,1
11925,1
11926,1
11927,1
11933,1
11934,1
11935,1
11936,1
11937,1
11941,1
11953,1
11957,1
11958,1
11960,1
11970,1
11972,1
11973,1
11981,1
11985,1
12022,1
12024,1
12025,1
12027,1
12030,1
12033,1
12041,1
12042,1
12048,1
12057,1
12059,1
12063,1
12064,1
12065,1
12075,1
12078,1
12083,1
12084,1
12085,1
12088,1
12091,1
12092,1
12098,1
12099,1
12108,1
12109,1
12115,1
12116,1
12117,1
12120,1
12121,1
12138,1
12139,1
12141,1
12142,1
12143,1
12144,1
12145,1
12148,1
12149,1
12155,1
12160,1
12161,1
12167,1
12168,1
12176,1
12178,1
12179,1
12180,1
12184,1
12185,1
12192,1
12198,1
12199,1
12204,1
12207,1
12208,1
12364,1
12365,1
12366,1
12413,1
12414,1
12415,1
12418,1
12419,1
12420,1
12422,1
12423,1
12424,1
12425,1
12434,1
12436,1
12437,1
12439,1
12445,1
12448,1
12452,1
12453,1
12454,1
12456,1
12457,1
12528,1
12531,1
12533,1
12707,1
12757,1
12758,1
12759,1
12761,1
12764,1
12766,1
12767,1
12769,1
12772,1
12773,1
12776,1
12777,1
12779,1
12780,1
12784,1
12787,1
12792,1
12794,1
12796,1
12875,1
12877,1
12888,1
12889,1
12891,1
12896,1
12901,1
12905,1
12906,1
12907,1
12908,1
12912,1
12913,1
12915,1
12917,1
12920,1
12929,1
12930,1
12937,1
12938,1
12941,1
12946,1
12949,1
12950,1
12951,1
12953,1
12954,1
12958,1
12961,1
12963,1
12968,1
12973,1
12979,1
12980,1
13014,1
13015,1
13016,1
13028,1
13029,1
13052,1
13053,1
13054,1
13055,1
13056,1
13062,1
13063,1
13064,1
13066,1
13067,1
13069,1
13070,1
13072,1
13083,1
13085,1
13086,1
13087,1
13088,1
13093,1
13098,1
13102,1
13146,1
13153,1
13154,1
13161,1
13169,1
13172,1
13173,1
13174,1
13177,1
13178,1
13180,1
13182,1
13183,1
13184,1
13188,1
13196,1
13203,1
13211,1
13213,1
13214,1
13224,1
13226,1
13229,1
13230,1
13232,1
13233,1
13234,1
13235,1
13243,1
13244,1
13245,1
13248,1
13269,1
13272,1
13274,1
13275,1
13276,1
13277,1
13280,1
13283,1
13286,1
13292,1
13294,1
13295,1
13300,1
13301,1
13304,1
13305,1
13308,1
13310,1
13311,1
13319,1
13321,1
13322,1
13327,1
13334,1
13337,1
13344,1
13346,1
13351,1
13353,1
13354,1
13355,1
13356,1
13361,1
13363,1
13367,1
13368,1
13369,1
13370,1
13371,1
13372,1
13379,1
13383,1
13384,1
13385,1
13386,1
13392,1
13393,1
13394,1
13395,1
13396,1
13397,1
13398,1
13403,1
13413,1
13414,1
13419,1
13424,1
13425,1
13431,1
13432,1
13436,1
13437,1
13438,1
13441,1
13442,1
13443,1
13449,1
13450,1
13456,1
13457,1
13458,1
13462,1
13467,1
13468,1
13469,1
13478,1
13483,1
13488,1
13489,1
13652,1
13653,1
13654,1
13655,1
13657,1
13658,1
13659,1
13699,1
13703,1
13704,1
13705,1
13712,1
13713,1
13714,1
13717,1
13718,1
13721,1
13722,1
13729,1
13730,1
13733,1
13735,1
13739,1
13740,1
13742,1
13744,1
13745,1
13747,1
13748,1
13750,1
13754,1
13755,1
13757,1
13761,1
13763,1
13848,1
13849,1
13857,1
13861,1
13867,1
13868,1
13870,1
13872,1
13880,1
13881,1
13884,1
13885,1
13888,1
13889,1
13890,1
13892,1
13893,1
13894,1
13895,1
13896,1
13897,1
13898,1
13899,1
13900,1
13901,1
13906,1
13907,1
13910,1
13911,1
13922,1
13926,1
13928,1
13929,1
13930,1
13931,1
13934,1
13937,1
13945,1
13946,1
13947,1
13950,1
13951,1
13976,1
13977,1
13978,1
13979,1
13989,1
13990,1
13991,1
14000,1
14001,1
14002,1
14003,1
14021,1
14022,1
14025,1
14026,1
14027,1
14028,1
14029,1
14036,1
14042,1
14043,1
14076,1
14080,1
14082,1
14083,1
14085,1
14088,1
14092,1
14097,1
14098,1
14111,1
14113,1
14115,1
14116,1
14117,1
14121,1
14240,1
14242,1
14243,1
14245,1
14247,1
14252,1
14255,1
14256,1
14266,1
14267,1
14271,1
14272,1
14280,1
14283,1
14284,1
14290,1
14296,1
14331,1
14333,1
14334,1
14335,1
14336,1
14337,1
14340,1
14342,1
14343,1
14349,1
14350,1
14352,1
14355,1
14358,1
14361,1
14362,1
14366,1
14367,1
14369,1
14372,1
14375,1
14376,1
14377,1
14380,1
14381,1
14384,1
14385,1
14391,1
14392,1
14393,1
14394,1
14396,1
14397,1
14398,1
14401,1
14402,1
14404,1
14405,1
14411,1
14412,1
14417,1
14418,1
14419,1
14420,1
14421,1
14430,1
14432,1
14437,1
14438,1
14439,1
14447,1
14448,1
14449,1
14452,1
14453,1
14456,1
14460,1
14461,1
14465,1
14466,1
14467,1
14468,1
14469,1
14475,1
14476,1
14481,1
14482,1
14483,1
14492,1
14494,1
14503,1
14506,1
14509,1
14510,1
14511,1
14512,1
14519,1
14520,1
14558,1
14563,1
14568,1
14569,1
14570,1
14573,1
14575,1
14576,1
14577,1
14579,1
14581,1
14583,1
14587,1
14588,1
14592,1
14599,1
14600,1
14607,1
14608,1
14610,1
14613,1
14617,1
14618,1
14619,1
14621,1
14624,1
14625,1
14628,1
14629,1
14634,1
14635,1
14636,1
14637,1
14638,1
14642,1
14643,1
14644,1
14650,1
14651,1
14654,1
14656,1
14657,1
14660,1
14721,1
14722,1
14726,1
14727,1
14728,1
14732,1
14734,1
14735,1
14736,1
14737,1
14743,1
14744,1
14751,1
14753,1
14754,1
14763,1
14856,1
14869,1
14872,1
14878,1
14881,1
14887,1
14888,1
14894,1
14898,1
14905,1
14908,1
14909,1
14915,1
14916,1
14917,1
14918,1
14922,1
15009,1
15012,1
15023,1
15159,1
15163,1
15167,1
15168,1
15173,1
15188,1
15189,1
15243,1
15247,1
15248,1
15252,1
15257,1
15258,1
15269,1
15270,1
15271,1
15272,1
15286,1
15287,1
15290,1
15292,1
15293,1
15294,1
15297,1
15298,1
15299,1
15300,1
15306,1
15311,1
15313,1
15315,1
15318,1
15320,1
15322,1
15325,1
15330,1
15331,1
15332,1
15335,1
15348,1
15350,1
15351,1
15359,1
15364,1
15367,1
15369,1
15370,1
15371,1
15372,1
15373,1
15380,1
15381,1
15384,1
15385,1
15386,1
15390,1
15396,1
15406,1
15407,1
15409,1
15415,1
15416,1
15419,1
15420,1
15421,1
15422,1
15423,1
15430,1
15472,1
15479,1
15486,1
15489,1
15492,1
15493,1
15499,1
15502,1
15503,1
15504,1
15505,1
15508,1
15509,1
15510,1
15512,1
15513,1
15514,1
15515,1
15519,1
15522,1
15523,1
15524,1
15528,1
15529,1
15531,1
15534,1
15546,1
15550,1
15551,1
15552,1
15558,1
15560,1
15561,1
15562,1
15563,1
15565,1
15569,1
15573,1
15737,1
15740,1
15743,1
15744,1
15745,1
15746,1
15749,1
15759,1
15763,1
15771,1
15774,1
15775,1
15777,1
15778,1
15779,1
15782,1
15817,1
15818,1
15819,1
15820,1
15825,1
15827,1
15834,1
15837,1
15840,1
15842,1
15843,1
15845,1
15848,1
15849,1
15851,1
15860,1
15867,1
15869,1
15870,1
15871,1
15880,1
15882,1
15885,1
15887,1
15888,1
15892,1
15893,1
15894,1
15898,1
15901,1
15902,1
15907,1
15911,1
15914,1
15918,1
15934,1
15935,1
15936,1
15937,1
15938,1
15939,1
15940,1
15944,1
15945,1
15950,1
15951,1
15952,1
15958,1
15959,1
15962,1
15963,1
15966,1
15967,1
15969,1
15971,1
15973,1
15975,1
15976,1
15977,1
15978,1
15979,1
15980,1
15981,1
15987,1
15988,1
15991,1
15994,1
15999,1
16002,1
16004,1
16007,1
16008,1
16013,1
16022,1
16024,1
16062,1
16067,1
16068,1
16072,1
16073,1
16074,1
16075,1
16076,1
16082,1
16084,1
16088,1
16092,1
16099,1
16104,1
16105,1
16107,1
16108,1
16111,1
16117,1
16119,1
16129,1
16134,1
16135,1
16136,1
16137,1
16142,1
16144,1
16145,1
16146,1
16151,1
16153,1
16211,1
16214,1
16215,1
16216,1
16217,1
16218,1
16221,1
16226,1
16229,1
16231,1
16232,1
16236,1
16237,1
16246,1
16248,1
16333,1
16334,1
16353,1
16354,1
16359,1
16360,1
16367,1
16368,1
16369,1
16373,1
16374,1
16376,1
16378,1
16381,1
16382,1
16477,1
16498,1
16499,1
16500,1
16501,1
16502,1
16642,1
16650,1
16651,1
16653,1
16669,1
16670,1
16671,1
16672,1
16716,1
16722,1
16725,1
16727,1
16728,1
16732,1
16735,1
16736,1
16737,1
16746,1
16747,1
16751,1
16753,1
16755,1
16756,1
16757,1
16761,1
16762,1
16765,1
16773,1
16774,1
16776,1
16777,1
16780,1
16782,1
16783,1
16785,1
16789,1
16790,1
16794,1
16796,1
16797,1
16801,1
16802,1
16803,1
16804,1
16805,1
16811,1
16819,1
16832,1
16835,1
16850,1
16856,1
16857,1
16858,1
16859,1
16863,1
16864,1
16877,1
16878,1
16879,1
16882,1
16884,1
16885,1
16886,1
16890,1
16893,1
16894,1
16899,1
16908,1
16911,1
16912,1
16913,1
16914,1
16915,1
16918,1
16922,1
16923,1
16951,1
16954,1
16956,1
16957,1
16960,1
16967,1
16970,1
16971,1
16972,1
16974,1
16975,1
16978,1
16980,1
16981,1
16985,1
16986,1
16989,1
16991,1
16993,1
16998,1
17001,1
17002,1
17006,1
17013,1
17015,1
17017,1
17019,1
17020,1
17028,1
17035,1
17040,1
17041,1
17042,1
17043,1
17044,1
17118,1
17121,1
17124,1
17127,1
17131,1
17132,1
17133,1
17134,1
17135,1
17136,1
17137,1
17140,1
17141,1
17144,1
17149,1
17150,1
17151,1
17152,1
17158,1
17159,1
17160,1
17161,1
17162,1
17166,1
17167,1
17168,1
17180,1
17260,1
17261,1
17264,1
17266,1
17268,1
17269,1
17271,1
17272,1
17273,1
17274,1
17276,1
17339,1
17340,1
17341,1
17342,1
17343,1
17349,1
17356,1
17357,1
17359,1
17361,1
17362,1
17365,1
17367,1
17368,1
17376,1
17377,1
17378,1
17379,1
17383,1
17386,1
17389,1
17390,1
17391,1
17392,1
17401,1
17405,1
17406,1
17412,1
17413,1
17414,1
17423,1
17424,1
17425,1
17429,1
17430,1
17431,1
17432,1
17433,1
17438,1
17439,1
17443,1
17444,1
17449,1
17451,1
17452,1
17453,1
17456,1
17457,1
17461,1
17463,1
17464,1
17465,1
17466,1
17471,1
17473,1
17477,1
17485,1
17486,1
17487,1
17488,1
17492,1
17505,1
17516,1
17518,1
17519,1
17526,1
17527,1
17528,1
17529,1
17530,1
17531,1
17533,1
17534,1
17535,1
17540,1
17541,1
17544,1
17545,1
17550,1
17553,1
17554,1
17556,1
17557,1
17560,1
17564,1
17565,1
17569,1
17570,1
17575,1
17583,1
17587,1
17588,1
17589,1
17590,1
17596,1
17597,1
17599,1
17600,1
17603,1
17604,1
17608,1
17611,1
17612,1
17615,1
17616,1
17618,1
17620,1
17659,1
17665,1
17669,1
17672,1
17675,1
17677,1
17679,1
17682,1
17685,1
17687,1
17688,1
17689,1
17692,1
17693,1
17699,1
17862,1
17864,1
17871,1
17872,1
18049,1
18059,1
18060,1
18067,1
18072,1
18074,1
18082,1
18083,1
18084,1
18093,1
18097,1
18098,1
18104,1
18105,1
18115,1
18117,1
18121,1
18223,1
18224,1
18225,1
18226,1
18227,1
18233,1
18234,1
18316,1
18318,1
18321,1
18323,1
18353,1
18357,1
18364,1
18365,1
18371,1
18373,1
18374,1
18380,1
18383,1
18384,1
18393,1
18394,1
18395,1
18396,1
18402,1
18403,1
18404,1
18408,1
18414,1
18416,1
18427,1
18428,1
18429,1
18430,1
18435,1
18439,1
18442,1
18453,1
18471,1
18472,1
18475,1
18479,1
18497,1
18499,1
18500,1
18501,1
18515,1
18516,1
18517,1
18518,1
18527,1
18530,1
18532,1
18534,1
18538,1
18542,1
18545,1
18551,1
18553,1
18558,1
18559,1
18565,1
18569,1
18579,1
18581,1
18582,1
18583,1
18584,1
18587,1
18588,1
18589,1
18592,1
18593,1
18599,1
18605,1
18606,1
18607,1
18609,1
18611,1
18638,1
18639,1
18640,1
18645,1
18651,1
18652,1
18653,1
18655,1
18658,1
18661,1
18664,1
18665,1
18666,1
18668,1
18676,1
18679,1
18688,1
18689,1
18690,1
18753,1
18757,1
18765,1
18775,1
18783,1
18787,1
18789,1
18790,1
18791,1
18792,1
18797,1
18800,1
18802,1
18803,1
18805,1
18806,1
18809,1
18810,1
18813,1
18814,1
18815,1
18816,1
18817,1
18822,1
18827,1
18828,1
18829,1
18834,1
18836,1
18840,1
18843,1
18844,1
18845,1
18846,1
18847,1
18849,1
18853,1
18854,1
18857,1
18860,1
18861,1
18865,1
18867,1
18870,1
18872,1
18873,1
18874,1
18880,1
18881,1
18886,1
18887,1
18888,1
18889,1
18890,1
18905,1
18910,1
18911,1
18912,1
18918,1
18921,1
18923,1
18933,1
18934,1
18940,1
18941,1
18943,1
18949,1
18952,1
18957,1
18963,1
18969,1
18976,1
18977,1
18980,1
18982,1
18984,1
18985,1
18987,1
18990,1
18991,1
18994,1
18997,1
18998,1
18999,1
19002,1
19005,1
19006,1
19007,1
19008,1
19021,1
19024,1
19025,1
19107,1
19108,1
19119,1
19120,1
19125,1
19126,1
19127,1
19131,1
19132,1
19133,1
19135,1
19136,1
19137,1
19138,1
19139,1
19141,1
19143,1
19148,1
19149,1
19151,1
19152,1
19154,1
19156,1
19157,1
19168,1
19169,1
19170,1
19201,1
19202,1
19204,1
19208,1
19209,1
19212,1
19215,1
19219,1
19222,1
19227,1
19228,1
19236,1
19237,1
19238,1
19239,1
19246,1
19396,1
19405,1
19406,1
19407,1
19410,1
19412,1
19413,1
19528,1
19529,1
19537,1
19538,1
19540,1
19542,1
19543,1
19549,1
19551,1
19552,1
19635,1
19636,1
19637,1
19638,1
19641,1
19643,1
19649,1
19654,1
19657,1
19663,1
19664,1
19668,1
19669,1
19678,1
19680,1
19682,1
19683,1
19684,1
19689,1
19691,1
19694,1
19695,1
19699,1
19701,1
19706,1
19711,1
19712,1
19713,1
19717,1
19718,1
19720,1
19721,1
19724,1
19727,1
19728,1
19733,1
19737,1
19738,1
19740,1
19741,1
19742,1
19743,1
19754,1
19755,1
19774,1
19779,1
19803,1
19804,1
19811,1
19813,1
19815,1
19816,1
19824,1
19833,1
19834,1
19835,1
19838,1
19842,1
19845,1
19846,1
19848,1
19852,1
19858,1
19860,1
19861,1
19863,1
19864,1
19865,1
19871,1
19875,1
19885,1
19886,1
19887,1
19891,1
19893,1
19894,1
19896,1
19980,1
19985,1
19993,1
19996,1
20001,1
20006,1
20011,1
20013,1
20016,1
20018,1
20019,1
20025,1
20026,1
20032,1
20039,1
20066,1
20071,1
20072,1
20073,1
20078,1
20079,1
20080,1
20081,1
20088,1
20089,1
20101,1
20102,1
20107,1
20108,1
20113,1
20114,1
20117,1
20119,1
20120,1
20121,1
20125,1
20127,1
20128,1
20129,1
20183,1
20184,1
20190,1
20195,1
20196,1
20197,1
20200,1
20203,1
20205,1
20210,1
20272,1
20274,1
20275,1
20276,1
20281,1
20285,1
20295,1
20301,1
20304,1
20313,1
20315,1
20319,1
20322,1
20323,1
20331,1
20332,1
20333,1
20342,1
20343,1
20352,1
20355,1
20356,1
20357,1
20358,1
20361,1
20362,1
20365,1
20369,1
20370,1
20372,1
20377,1
20378,1
20381,1
20383,1
20385,1
20388,1
20389,1
20390,1
20394,1
20399,1
20408,1
20409,1
20410,1
20431,1
20432,1
20433,1
20457,1
20464,1
20467,1
20469,1
20471,1
20472,1
20473,1
20474,1
20480,1
20482,1
20487,1
20488,1
20489,1
20491,1
20493,1
20501,1
20506,1
20507,1
20510,1
20513,1
20514,1
20520,1
20521,1
20524,1
20529,1
20530,1
20538,1
20539,1
20544,1
20545,1
20633,1
20634,1
20635,1
20639,1
20642,1
20645,1
20646,1
20652,1
20655,1
20660,1
20662,1
20664,1
20667,1
20674,1
20675,1
20687,1
20688,1
20689,1
20693,1
20696,1
20703,1
20704,1
20732,1
20733,1
20735,1
20738,1
20739,1
20742,1
20743,1
20747,1
20748,1
20749,1
20752,1
20753,1
20757,1
20758,1
20763,1
20767,1
20769,1
20770,1
20775,1
20776,1
20777,1
20778,1
20780,1
20782,1
20787,1
21139,1
21141,1
21142,1
21143,1
21144,1
21146,1
21147,1
21149,1
21150,1
21156,1
21158,1
21159,1
21161,1
21236,1
21241,1
21247,1
21250,1
21253,1
21260,1
21264,1
21267,1
21270,1
21273,1
21278,1
21280,1
21285,1
21289,1
21290,1
21291,1
21292,1
21296,1
21297,1
21298,1
21299,1
21301,1
21302,1
21304,1
21312,1
21314,1
21319,1
21320,1
21321,1
21322,1
21323,1
21333,1
21335,1
21337,1
21340,1
21353,1
21355,1
21357,1
21388,1
21395,1
21396,1
21397,1
21401,1
21410,1
21413,1
21414,1
21415,1
21421,1
21427,1
21428,1
21429,1
21432,1
21436,1
21439,1
21443,1
21445,1
21452,1
21455,1
21456,1
21466,1
21467,1
21473,1
21474,1
21481,1
21482,1
21483,1
21484,1
21485,1
21491,1
21495,1
21500,1
21503,1
21504,1
21574,1
21576,1
21578,1
21579,1
21583,1
21584,1
21585,1
21586,1
21590,1
21592,1
21596,1
21598,1
21599,1
21602,1
21603,1
21605,1
21606,1
21607,1
21608,1
21612,1
21616,1
21617,1
21623,1
21624,1
21625,1
21626,1
21628,1
21630,1
21633,1
21634,1
21638,1
21639,1
21645,1
21647,1
21651,1
21657,1
21685,1
21689,1
21692,1
21696,1
21701,1
21704,1
21706,1
21707,1
21708,1
21709,1
21714,1
21715,1
21716,1
21719,1
21721,1
21728,1
21729,1
21733,1
21753,1
21754,1
21757,1
21758,1
21762,1
21763,1
21765,1
21770,1
21772,1
21773,1
21776,1
21778,1
21781,1
21782,1
21783,1
21784,1
21793,1
21797,1
21798,1
21799,1
21804,1
21805,1
21812,1
21814,1
21900,1
21901,1
21905,1
21906,1
21907,1
21908,1
21919,1
21923,1
21924,1
21926,1
21935,1
21938,1
21942,1
22007,1
22011,1
22013,1
22016,1
22021,1
22037,1
22045,1
22046,1
22051,1
22056,1
22057,1
22060,1
22067,1
22073,1
22074,1
22081,1
22091,1
22092,1
22093,1
22094,1
22096,1
22098,1
22101,1
22102,1
22110,1
22113,1
22115,1
22122,1
22133,1
22135,1
22140,1
22157,1
22158,1
22159,1
22160,1
22166,1
22183,1
22187,1
22188,1
22189,1
22191,1
22192,1
22211,1
22218,1
22220,1
22225,1
22228,1
22238,1
22240,1
22241,1
22242,1
22243,1
22244,1
22245,1
22253,1
22254,1
22255,1
22259,1
22260,1
22263,1
22274,1
22277,1
22282,1
22283,1
22288,1
22290,1
22300,1
22326,1
22327,1
22328,1
22329,1
22333,1
22334,1
22335,1
22339,1
22341,1
22342,1
22343,1
22350,1
22351,1
22360,1
22368,1
22374,1
22376,1
22543,1
22546,1
22549,1
22716,1
22717,1
22721,1
22725,1
22726,1
22727,1
22733,1
22735,1
22736,1
22741,1
22742,1
22743,1
22749,1
22752,1
22753,1
22754,1
22758,1
22759,1
22760,1
22761,1
22762,1
22763,1
22764,1
22766,1
22767,1
22773,1
22774,1
22777,1
22783,1
22786,1
22792,1
22793,1
22861,1
22863,1
22864,1
22871,1
22872,1
22874,1
22878,1
22880,1
22883,1
22884,1
22885,1
22888,1
22896,1
22897,1
22900,1
22902,1
22967,1
22968,1
22970,1
22972,1
22981,1
22984,1
22985,1
22992,1
22994,1
22997,1
23000,1
23001,1
23002,1
23003,1
23005,1
23017,1
23018,1
23020,1
23023,1
23024,1
23025,1
23029,1
23030,1
23031,1
23037,1
23038,1
23043,1
23044,1
23045,1
23046,1
23049,1
23050,1
23051,1
23053,1
23054,1
23055,1
23059,1
23062,1
23064,1
23065,1
23072,1
23073,1
23088,1
23089,1
23090,1
23108,1
23109,1
23124,1
23125,1
23131,1
23140,1
23141,1
23142,1
23143,1
23144,1
23148,1
23151,1
23152,1
23154,1
23156,1
23157,1
23158,1
23167,1
23168,1
23169,1
23173,1
23177,1
23178,1
23179,1
23180,1
23181,1
23187,1
23188,1
23191,1
23193,1
23195,1
23198,1
23199,1
23200,1
23202,1
23203,1
23204,1
23211,1
23240,1
23241,1
23242,1
23243,1
23246,1
23248,1
23249,1
23250,1
23251,1
23259,1
23260,1
23261,1
23262,1
23263,1
23264,1
23265,1
23266,1
23273,1
23274,1
23280,1
23282,1
23285,1
23289,1
23291,1
23292,1
23294,1
23298,1
23299,1
23300,1
23302,1
23303,1
23333,1
23334,1
23335,1
23339,1
23341,1
23352,1
23353,1
23367,1
23370,1
23371,1
23372,1
23373,1
23377,1
23379,1
23381,1
23387,1
23389,1
23390,1
23402,1
23403,1
23404,1
23406,1
23448,1
23450,1
23451,1
23460,1
23461,1
23462,1
23465,1
23466,1
23467,1
23473,1
23474,1
23475,1
23477,1
23478,1
23479,1
23480,1
23489,1
23490,1
23491,1
23496,1
23497,1
23504,1
23508,1
23509,1
23512,1
23514,1
23517,1
23520,1
23555,1
23556,1
23561,1
23568,1
23577,1
23579,1
23584,1
23585,1
23588,1
23666,1
23667,1
23668,1
23670,1
23671,1
23672,1
23675,1
23687,1
23691,1
23692,1
23694,1
23696,1
23697,1
23700,1
23706,1
23707,1
23710,1
23711,1
23714,1
23715,1
23717,1
23720,1
23726,1
23732,1
23733,1
23734,1
23735,1
23736,1
23741,1
23782,1
23784,1
23785,1
23786,1
23790,1
23791,1
23792,1
23793,1
23801,1
23802,1
23804,1
23805,1
23817,1
23820,1
23821,1
23822,1
23831,1
23832,1
23833,1
23834,1
23844,1
23847,1
23849,1
23850,1
23851,1
23853,1
23856,1
23857,1
23860,1
23861,1
23869,1
23870,1
23871,1
23872,1
23874,1
23875,1
23887,1
23889,1
23891,1
23894,1
23895,1
23896,1
24222,1
24223,1
24224,1
24236,1
24237,1
24259,1
24260,1
24285,1
24290,1
24291,1
24294,1
24308,1
24311,1
24312,1
24313,1
24319,1
24320,1
24321,1
24326,1
24327,1
24329,1
24333,1
24335,1
24336,1
24337,1
24345,1
24352,1
24388,1
24389,1
24390,1
24393,1
24400,1
24410,1
24416,1
24420,1
24421,1
24425,1
24429,1
24434,1
24435,1
24438,1
24439,1
24441,1
24448,1
24450,1
24451,1
24452,1
24490,1
24497,1
24498,1
24500,1
24507,1
24508,1
24509,1
24510,1
24511,1
24521,1
24530,1
24617,1
24622,1
24623,1
24632,1
24633,1
24634,1
24636,1
24642,1
24645,1
24651,1
24652,1
24653,1
24657,1
24658,1
24667,1
24672,1
24676,1
24687,1
24725,1
24726,1
24727,1
24732,1
24734,1
24736,1
24737,1
24740,1
24741,1
24743,1
24751,1
24752,1
24758,1
24760,1
24762,1
24764,1
24765,1
24766,1
24767,1
24774,1
24779,1
24780,1
24785,1
24787,1
24788,1
24791,1
24794,1
24795,1
24797,1
24798,1
24800,1
24801,1
24803,1
24814,1
24818,1
24819,1
24820,1
24821,1
24826,1
24830,1
24927,1
24929,1
24931,1
24936,1
24937,1
24938,1
24941,1
24943,1
24945,1
24949,1
24952,1
24953,1
24961,1
24962,1
24964,1
24965,1
24966,1
24968,1
24969,1
24970,1
24978,1
24979,1
24981,1
24989,1
24991,1
25000,1
25003,1
25004,1
25005,1
25006,1
25038,1
25039,1
25040,1
25041,1
25045,1
25059,1
25063,1
25065,1
25067,1
25069,1
25072,1
25073,1
25074,1
25077,1
25079,1
25084,1
25087,1
25089,1
25096,1
25097,1
25098,1
25146,1
25149,1
25153,1
25158,1
25159,1
25160,1
25170,1
25171,1
25174,1
25175,1
25178,1
25179,1
25180,1
25181,1
25182,1
25183,1
25187,1
25189,1
25190,1
25192,1
25193,1
25194,1
25200,1
25202,1
25207,1
25253,1
25254,1
25259,1
25260,1
25274,1
25275,1
25276,1
25281,1
25285,1
25289,1
25290,1
25291,1
25293,1
25333,1
25334,1
25336,1
25337,1
25338,1
25342,1
25344,1
25346,1
25351,1
25352,1
25353,1
25355,1
25356,1
25358,1
25364,1
25368,1
25370,1
25378,1
25379,1
25380,1
25383,1
25387,1
25392,1
25394,1
25395,1
25402,1
25405,1
25407,1
25412,1
25413,1
25420,1
25421,1
25424,1
25428,1
25435,1
25438,1
25622,1
25623,1
25624,1
25763,1
25764,1
25765,1
25766,1
25767,1
25833,1
25843,1
25846,1
25847,1
25851,1
25852,1
25853,1
25855,1
25857,1
25858,1
25859,1
25863,1
25865,1
25866,1
25869,1
25870,1
25871,1
25872,1
25874,1
25876,1
25877,1
25886,1
25887,1
25888,1
25893,1
25895,1
25896,1
25898,1
25900,1
25902,1
25903,1
25904,1
25914,1
25915,1
25929,1
25930,1
25931,1
25932,1
25950,1
25956,1
25962,1
25963,1
25964,1
25968,1
25970,1
25972,1
25973,1
25975,1
25979,1
25980,1
25982,1
25983,1
25986,1
25988,1
25990,1
25993,1
25994,1
25998,1
26001,1
26002,1
26005,1
26006,1
26010,1
26018,1
26039,1
26041,1
26043,1
26045,1
26047,1
26050,1
26052,1
26053,1
26054,1
26055,1
26062,1
26063,1
26064,1
26068,1
26075,1
26078,1
26079,1
26080,1
26081,1
26086,1
26087,1
26088,1
26092,1
26101,1
26102,1
26103,1
26104,1
26110,1
26112,1
26116,1
26125,1
26127,1
26168,1
26174,1
26175,1
26178,1
26181,1
26184,1
26197,1
26236,1
26239,1
26240,1
26243,1
26244,1
26248,1
26249,1
26250,1
26253,1
26254,1
26255,1
26256,1
26258,1
26259,1
26260,1
26261,1
26262,1
26263,1
26265,1
26266,1
26272,1
26273,1
26274,1
26275,1
26276,1
26277,1
26278,1
26282,1
26284,1
26285,1
26287,1
26292,1
26293,1
26295,1
26296,1
26297,1
26298,1
26299,1
26304,1
26305,1
26308,1
26311,1
26312,1
26317,1
26322,1
26323,1
26324,1
26325,1
26330,1
26331,1
26332,1
26333,1
26337,1
26339,1
26340,1
26341,1
26343,1
26347,1
26349,1
26448,1
26450,1
26451,1
26453,1
26454,1
26455,1
26457,1
26459,1
26460,1
26462,1
26463,1
26464,1
26466,1
26473,1
26485,1
26487,1
26491,1
26493,1
26497,1
26498,1
26506,1
26507,1
26508,1
26509,1
26513,1
26520,1
26521,1
26522,1
26528,1
26530,1
26535,1
26537,1
26542,1
26544,1
26550,1
26551,1
26552,1
26553,1
26556,1
26573,1
26580,1
26581,1
26584,1
26586,1
26595,1
26597,1
26598,1
26606,1
26609,1
26614,1
26616,1
26619,1
26621,1
26622,1
26623,1
26624,1
26625,1
26628,1
26632,1
26636,1
26638,1
26642,1
26644,1
26679,1
26680,1
26687,1
26688,1
26694,1
26696,1
26702,1
26703,1
26714,1
26717,1
26719,1
26720,1
26724,1
26725,1
26726,1
26727,1
26729,1
26733,1
26734,1
26735,1
26737,1
26778,1
26781,1
26783,1
26787,1
26794,1
26798,1
26808,1
26814,1
26815,1
27011,1
27012,1
27015,1
27016,1
27017,1
27023,1
27025,1
27030,1
27033,1
27034,1
27036,1
27041,1
27045,1
27047,1
27048,1
27050,1
27052,1
27057,1
27058,1
27063,1
27064,1
27070,1
27072,1
27073,1
27074,1
27083,1
27086,1
27088,1
27089,1
27091,1
27096,1
27097,1
27098,1
27103,1
27109,1
27113,1
27115,1
27116,1
27117,1
27194,1
27197,1
27198,1
27199,1
27200,1
27201,1
27202,1
27203,1
27207,1
27211,1
27213,1
27217,1
27221,1
27223,1
27224,1
27226,1
27228,1
27232,1
27234,1
27235,1
27236,1
27240,1
27244,1
27248,1
27250,1
27254,1
27255,1
27256,1
27261,1
27262,1
27264,1
27269,1
27271,1
27272,1
27279,1
27284,1
27290,1
27291,1
27292,1
27295,1
27373,1
27374,1
27375,1
27376,1
27387,1
27388,1
27390,1
27391,1
27394,1
27395,1
27396,1
27407,1
27411,1
27416,1
27422,1
27430,1
27431,1
27440,1
27444,1
27450,1
27455,1
27456,1
27457,1
27461,1
27465,1
27466,1
27474,1
27475,1
27504,1
27509,1
27523,1
27524,1
27525,1
27531,1
27532,1
27538,1
27542,1
27548,1
27549,1
27551,1
27556,1
27558,1
27559,1
27563,1
27567,1
27568,1
27570,1
27576,1
27577,1
27604,1
27605,1
27606,1
27608,1
27614,1
27617,1
27618,1
27622,1
27625,1
27629,1
27635,1
27636,1
27637,1
27638,1
27639,1
27644,1
27648,1
27649,1
27650,1
27652,1
27658,1
27659,1
27668,1
27671,1
27673,1
27675,1
27677,1
27678,1
27679,1
27683,1
27684,1
27729,1
27730,1
27732,1
27735,1
27736,1
27740,1
27741,1
27742,1
27747,1
27748,1
27753,1
27759,1
27911,1
27912,1
27919,1
27922,1
27991,1
27992,1
27994,1
27999,1
28002,1
28003,1
28004,1
28008,1
28010,1
28011,1
28012,1
28015,1
28017,1
28019,1
28020,1
28023,1
28028,1
28030,1
28037,1
28040,1
28041,1
28047,1
28052,1
28055,1
28056,1
28057,1
28060,1
28064,1
28075,1
28078,1
28081,1
28082,1
28085,1
28093,1
28094,1
28095,1
28122,1
28142,1
28143,1
28144,1
28148,1
28163,1
28171,1
28174,1
28175,1
28179,1
28180,1
28181,1
28186,1
28188,1
28191,1
28192,1
28194,1
28196,1
28222,1
28226,1
28227,1
28228,1
28231,1
28232,1
28233,1
28240,1
28241,1
28246,1
28247,1
28249,1
28255,1
28256,1
28257,1
28262,1
28263,1
28264,1
28265,1
28266,1
28270,1
28274,1
28276,1
28277,1
28278,1
28279,1
28280,1
28282,1
28285,1
28286,1
28291,1
28295,1
28297,1
28300,1
28330,1
28334,1
28336,1
28337,1
28339,1
28343,1
28347,1
28361,1
28572,1
28573,1
28576,1
28577,1
28578,1
28579,1
28582,1
28583,1
28590,1
28594,1
28599,1
28604,1
28607,1
28609,1
28610,1
28611,1
28613,1
28614,1
28615,1
28617,1
28618,1
28625,1
28628,1
28632,1
28633,1
28634,1
28641,1
28644,1
28654,1
28655,1
28657,1
28660,1
28661,1
28664,1
28665,1
28666,1
28667,1
28670,1
28671,1
28677,1
28678,1
28679,1
28680,1
28681,1
28760,1
28762,1
28768,1
28769,1
28770,1
28772,1
28777,1
28780,1
28783,1
28786,1
28787,1
28790,1
28791,1
28792,1
28793,1
28794,1
28801,1
28803,1
28806,1
28807,1
28808,1
28809,1
28814,1
28816,1
28820,1
28821,1
28822,1
28823,1
28824,1
28825,1
28826,1
28830,1
28833,1
28838,1
28839,1
28845,1
28849,1
28851,1
28852,1
28853,1
28854,1
28856,1
28859,1
28861,1
28862,1
28863,1
28869,1
28870,1
28871,1
28874,1
28965,1
28969,1
28970,1
28971,1
28972,1
28979,1
28980,1
28984,1
28989,1
28991,1
28993,1
28995,1
29000,1
29002,1
29006,1
29007,1
29014,1
29015,1
29016,1
29017,1
29022,1
29023,1
29029,1
29031,1
29034,1
29036,1
29039,1
29044,1
29046,1
29049,1
29073,1
29074,1
29075,1
29125,1
29133,1
29134,1
29140,1
29144,1
29145,1
29146,1
29147,1
29150,1
29155,1
29158,1
29160,1
29162,1
29163,1
29164,1
29167,1
29169,1
29171,1
29173,1
29174,1
29175,1
29200,1
29202,1
29204,1
29207,1
29208,1
29210,1
29211,1
29212,1
29215,1
29216,1
29217,1
29218,1
29223,1
29225,1
29226,1
29232,1
29233,1
29241,1
29242,1
29248,1
29249,1
29250,1
29254,1
29258,1
29262,1
29268,1
29269,1
29270,1
29271,1
29276,1
29280,1
29284,1
29322,1
29324,1
29325,1
29327,1
29329,1
29330,1
29334,1
29335,1
29348,1
29349,1
29353,1
29354,1
29490,1
29497,1
29502,1
29505,1
29521,1
29531,1
29532,1
29545,1
29550,1
29559,1
29571,1
29580,1
29582,1
29585,1
29588,1
29599,1
29606,1
29611,1
29617,1
29622,1
29632,1
29636,1
29643,1
29645,1
29683,1
29689,1
29690,1
29695,1
29709,1
29710,1
29717,1
29719,1
29720,1
29727,1
29728,1
29737,1
29742,1
29747,1
29753,1
29771,1
29773,1
29775,1
29787,1
29800,1
29806,1
29810,1
29816,1
29818,1
29826,1
29835,1
29843,1
29858,1
29862,1
29867,1
29873,1
29885,1
29890,1
29898,1
29903,1
29907,1
29915,1
29921,1
29925,1
29931,1
29935,1
29936,1
29942,1
29949,1
29953,1
29981,1
29991,1
29997,1
30004,1
30018,1
30024,1
30031,1
30033,1
30034,1
30045,1
30051,1
30064,1
30070,1
30071,1
30080,1
30105,1
30107,1
30112,1
11732,2
12956,2
13145,2
15324,2
17120,2
21249,2
27040,2
27421,2
29487,2
29498,2
29501,2
29509,2
29543,2
29551,2
29555,2
29581,2
29592,2
29594,2
29610,2
29619,2
29633,2
29647,2
29658,2
29664,2
29669,2
29675,2
29694,2
29701,2
29718,2
29724,2
29726,2
29731,2
29746,2
29752,2
29759,2
29791,2
29801,2
29820,2
29828,2
29836,2
29838,2
29844,2
29886,2
29916,2
29947,2
29961,2
29966,2
29996,2
30002,2
30009,2
30014,2
30054,2
30060,2
30065,2
30078,2
30091,2
30096,2
11676,3
13291,3
16668,3
18315,3
22124,3
27286,3
27503,3
27657,3
29486,3
29492,3
29511,3
29517,3
29524,3
29528,3
29533,3
29536,3
29554,3
29566,3
29569,3
29579,3
29583,3
29590,3
29591,3
29593,3
29600,3
29635,3
29651,3
29654,3
29655,3
29663,3
29668,3
29674,3
29684,3
29688,3
29738,3
29743,3
29765,3
29769,3
29782,3
29783,3
29819,3
29827,3
29848,3
29854,3
29861,3
29872,3
29877,3
29883,3
29884,3
29891,3
29906,3
29913,3
29924,3
29930,3
29955,3
29962,3
29967,3
29973,3
29974,3
30003,3
30008,3
30023,3
30032,3
30039,3
30055,3
30076,3
30109,3
30111,3
30118,3
11015,4
11016,4
11023,4
11024,4
11036,4
11041,4
11042,4
11043,4
11049,4
11053,4
11064,4
11065,4
11081,4
11082,4
11083,4
11085,4
11086,4
11087,4
11088,4
11089,4
11090,4
11127,4
11135,4
11138,4
11140,4
11141,4
11143,4
11155,4
11156,4
11158,4
11159,4
11160,4
11161,4
11162,4
11163,4
11164,4
11165,4
11168,4
11169,4
11171,4
11174,4
11175,4
11177,4
11178,4
11179,4
11180,4
11181,4
11183,4
11184,4
11186,4
11188,4
11190,4
11191,4
11194,4
11198,4
11199,4
11201,4
11202,4
11208,4
11209,4
11210,4
11220,4
11221,4
11222,4
11227,4
11228,4
11229,4
11230,4
11233,4
11234,4
11252,4
11257,4
11258,4
11260,4
11261,4
11267,4
11268,4
11269,4
11270,4
11271,4
11272,4
11273,4
11275,4
11281,4
11283,4
11284,4
11285,4
11286,4
11288,4
11289,4
11290,4
11291,4
11292,4
11295,4
11297,4
11298,4
11299,4
11305,4
11306,4
11307,4
11310,4
11319,4
11320,4
11323,4
11324,4
11326,4
11327,4
11329,4
11499,4
11503,4
11504,4
11509,4
11515,4
11516,4
11517,4
11524,4
11527,4
11528,4
11531,4
11534,4
11536,4
11537,4
11538,4
11539,4
11540,4
11617,4
11623,4
11624,4
11625,4
11626,4
11627,4
11628,4
11629,4
11635,4
11636,4
11637,4
11638,4
11639,4
11648,4
11649,4
11650,4
11654,4
11655,4
11656,4
11657,4
11658,4
11664,4
11665,4
11666,4
11668,4
11670,4
11671,4
11672,4
11674,4
11683,4
11686,4
11687,4
11691,4
11692,4
11694,4
11695,4
11697,4
11700,4
11701,4
11702,4
11703,4
11704,4
11705,4
11706,4
11707,4
11708,4
11710,4
11714,4
11715,4
11716,4
11720,4
11721,4
11727,4
11731,4
11733,4
11734,4
11736,4
11737,4
11741,4
11742,4
11743,4
11744,4
11773,4
11774,4
11775,4
11776,4
11777,4
11781,4
11782,4
11783,4
11787,4
11788,4
11789,4
11790,4
11792,4
11793,4
11794,4
11795,4
11796,4
11797,4
11805,4
11806,4
11807,4
11809,4
11811,4
11816,4
11817,4
11818,4
11821,4
11822,4
11825,4
11826,4
11830,4
11831,4
11834,4
11837,4
11839,4
11840,4
11844,4
11846,4
11849,4
11850,4
11851,4
11852,4
11853,4
11854,4
11855,4
11858,4
11860,4
11865,4
11866,4
11867,4
11872,4
11873,4
11874,4
11876,4
11877,4
11881,4
11885,4
11886,4
11887,4
11890,4
11891,4
11923,4
11924,4
11928,4
11931,4
11932,4
11938,4
11939,4
11940,4
11945,4
11949,4
11950,4
11954,4
11955,4
11956,4
11959,4
11961,4
11962,4
11971,4
11974,4
11975,4
11978,4
11980,4
11982,4
11983,4
12015,4
12016,4
12018,4
12019,4
12023,4
12026,4
12028,4
12029,4
12040,4
12043,4
12044,4
12045,4
12046,4
12047,4
12049,4
12050,4
12051,4
12052,4
12053,4
12058,4
12062,4
12066,4
12067,4
12068,4
12069,4
12070,4
12071,4
12072,4
12073,4
12076,4
12079,4
12082,4
12087,4
12093,4
12094,4
12095,4
12096,4
12100,4
12101,4
12102,4
12103,4
12104,4
12105,4
12110,4
12111,4
12112,4
12118,4
12119,4
12135,4
12137,4
12146,4
12150,4
12151,4
12152,4
12153,4
12156,4
12157,4
12162,4
12163,4
12164,4
12169,4
12170,4
12171,4
12172,4
12173,4
12174,4
12175,4
12181,4
12186,4
12187,4
12188,4
12189,4
12190,4
12191,4
12194,4
12195,4
12197,4
12200,4
12201,4
12205,4
12206,4
12209,4
12362,4
12409,4
12410,4
12411,4
12412,4
12416,4
12417,4
12421,4
12426,4
12427,4
12428,4
12429,4
12432,4
12433,4
12435,4
12438,4
12440,4
12441,4
12442,4
12443,4
12446,4
12450,4
12455,4
12527,4
12529,4
12708,4
12709,4
12755,4
12756,4
12762,4
12768,4
12770,4
12771,4
12774,4
12775,4
12778,4
12786,4
12788,4
12789,4
12790,4
12791,4
12793,4
12797,4
12876,4
12878,4
12879,4
12881,4
12882,4
12883,4
12884,4
12885,4
12886,4
12887,4
12890,4
12893,4
12894,4
12897,4
12898,4
12899,4
12900,4
12904,4
12909,4
12910,4
12911,4
12918,4
12921,4
12922,4
12923,4
12924,4
12925,4
12926,4
12927,4
12931,4
12932,4
12933,4
12934,4
12935,4
12940,4
12942,4
12943,4
12947,4
12948,4
12952,4
12955,4
12957,4
12960,4
12962,4
12965,4
12966,4
12967,4
12971,4
12974,4
12975,4
12976,4
12977,4
12978,4
12981,4
12982,4
12983,4
12985,4
13017,4
13019,4
13030,4
13031,4
13032,4
13033,4
13039,4
13057,4
13058,4
13059,4
13060,4
13061,4
13068,4
13073,4
13074,4
13092,4
13094,4
13097,4
13100,4
13142,4
13147,4
13151,4
13152,4
13162,4
13163,4
13164,4
13165,4
13166,4
13167,4
13168,4
13170,4
13171,4
13176,4
13181,4
13186,4
13187,4
13189,4
13190,4
13191,4
13192,4
13193,4
13194,4
13195,4
13200,4
13202,4
13204,4
13205,4
13207,4
13208,4
13210,4
13212,4
13215,4
13216,4
13218,4
13219,4
13220,4
13221,4
13223,4
13225,4
13227,4
13228,4
13236,4
13237,4
13238,4
13240,4
13242,4
13246,4
13247,4
13250,4
13266,4
13273,4
13278,4
13279,4
13281,4
13282,4
13287,4
13288,4
13293,4
13296,4
13297,4
13298,4
13299,4
13302,4
13306,4
13307,4
13309,4
13312,4
13313,4
13314,4
13315,4
13316,4
13317,4
13320,4
13323,4
13324,4
13325,4
13326,4
13329,4
13331,4
13332,4
13333,4
13335,4
13336,4
13338,4
13339,4
13340,4
13341,4
13342,4
13347,4
13348,4
13349,4
13352,4
13357,4
13359,4
13360,4
13362,4
13364,4
13365,4
13373,4
13374,4
13375,4
13376,4
13377,4
13378,4
13380,4
13381,4
13382,4
13387,4
13388,4
13389,4
13390,4
13399,4
13400,4
13401,4
13402,4
13415,4
13416,4
13417,4
13420,4
13421,4
13422,4
13426,4
13427,4
13428,4
13429,4
13430,4
13433,4
13435,4
13439,4
13444,4
13445,4
13446,4
13447,4
13448,4
13451,4
13452,4
13453,4
13454,4
13455,4
13459,4
13461,4
13463,4
13464,4
13465,4
13470,4
13471,4
13472,4
13473,4
13475,4
13476,4
13477,4
13479,4
13480,4
13481,4
13482,4
13484,4
13485,4
13487,4
13490,4
13492,4
13656,4
13700,4
13702,4
13715,4
13716,4
13723,4
13724,4
13725,4
13726,4
13727,4
13728,4
13731,4
13734,4
13736,4
13737,4
13738,4
13741,4
13746,4
13749,4
13752,4
13753,4
13759,4
13850,4
13854,4
13855,4
13856,4
13858,4
13859,4
13862,4
13863,4
13864,4
13865,4
13866,4
13869,4
13871,4
13873,4
13874,4
13875,4
13876,4
13877,4
13879,4
13882,4
13883,4
13886,4
13887,4
13891,4
13902,4
13903,4
13904,4
13905,4
13912,4
13913,4
13914,4
13915,4
13917,4
13919,4
13921,4
13923,4
13924,4
13925,4
13927,4
13932,4
13933,4
13935,4
13938,4
13939,4
13940,4
13942,4
13943,4
13948,4
13949,4
13980,4
13984,4
13985,4
13986,4
13992,4
13993,4
13999,4
14004,4
14005,4
14006,4
14017,4
14023,4
14024,4
14035,4
14037,4
14040,4
14044,4
14075,4
14081,4
14089,4
14090,4
14093,4
14094,4
14095,4
14104,4
14105,4
14106,4
14109,4
14112,4
14114,4
14120,4
14122,4
14239,4
14241,4
14246,4
14248,4
14249,4
14250,4
14251,4
14253,4
14254,4
14257,4
14258,4
14268,4
14269,4
14270,4
14273,4
14285,4
14288,4
14289,4
14292,4
14293,4
14294,4
14295,4
14297,4
14298,4
14327,4
14329,4
14339,4
14351,4
14354,4
14356,4
14357,4
14360,4
14364,4
14365,4
14368,4
14373,4
14374,4
14378,4
14379,4
14382,4
14383,4
14386,4
14388,4
14389,4
14390,4
14395,4
14399,4
14400,4
14403,4
14406,4
14407,4
14408,4
14409,4
14410,4
14413,4
14414,4
14415,4
14431,4
14433,4
14434,4
14435,4
14440,4
14441,4
14442,4
14443,4
14444,4
14445,4
14450,4
14451,4
14454,4
14457,4
14462,4
14463,4
14464,4
14470,4
14471,4
14472,4
14473,4
14474,4
14477,4
14479,4
14484,4
14485,4
14486,4
14487,4
14488,4
14489,4
14490,4
14491,4
14493,4
14495,4
14498,4
14499,4
14500,4
14501,4
14505,4
14507,4
14508,4
14513,4
14514,4
14515,4
14559,4
14560,4
14562,4
14564,4
14565,4
14571,4
14572,4
14580,4
14584,4
14585,4
14589,4
14590,4
14591,4
14593,4
14594,4
14595,4
14596,4
14601,4
14602,4
14603,4
14609,4
14612,4
14614,4
14615,4
14616,4
14620,4
14622,4
14623,4
14627,4
14630,4
14639,4
14645,4
14646,4
14647,4
14648,4
14649,4
14652,4
14653,4
14659,4
14662,4
14663,4
14664,4
14729,4
14730,4
14731,4
14733,4
14738,4
14739,4
14740,4
14741,4
14742,4
14746,4
14747,4
14748,4
14749,4
14750,4
14752,4
14755,4
14756,4
14757,4
14758,4
14759,4
14761,4
14762,4
14764,4
14852,4
14868,4
14870,4
14873,4
14876,4
14879,4
14880,4
14882,4
14883,4
14884,4
14889,4
14890,4
14891,4
14892,4
14895,4
14896,4
14899,4
14901,4
14902,4
14903,4
14907,4
14912,4
14913,4
14914,4
14919,4
14920,4
14921,4
15005,4
15006,4
15010,4
15011,4
15013,4
15016,4
15017,4
15155,4
15156,4
15158,4
15160,4
15161,4
15164,4
15165,4
15166,4
15174,4
15177,4
15190,4
15191,4
15193,4
15194,4
15195,4
15196,4
15198,4
15199,4
15200,4
15202,4
15203,4
15245,4
15246,4
15249,4
15250,4
15255,4
15256,4
15259,4
15260,4
15273,4
15274,4
15275,4
15276,4
15277,4
15278,4
15279,4
15280,4
15281,4
15282,4
15284,4
15285,4
15288,4
15289,4
15295,4
15296,4
15301,4
15302,4
15303,4
15305,4
15307,4
15308,4
15309,4
15312,4
15314,4
15316,4
15317,4
15319,4
15321,4
15326,4
15327,4
15328,4
15329,4
15333,4
15336,4
15337,4
15338,4
15339,4
15341,4
15342,4
15343,4
15344,4
15345,4
15346,4
15347,4
15349,4
15358,4
15360,4
15361,4
15365,4
15366,4
15368,4
15374,4
15375,4
15379,4
15382,4
15383,4
15387,4
15388,4
15389,4
15392,4
15393,4
15394,4
15397,4
15398,4
15399,4
15400,4
15401,4
15403,4
15404,4
15405,4
15408,4
15410,4
15411,4
15412,4
15414,4
15417,4
15424,4
15427,4
15428,4
15429,4
15431,4
15432,4
15433,4
15466,4
15467,4
15469,4
15470,4
15471,4
15473,4
15474,4
15475,4
15476,4
15477,4
15480,4
15481,4
15482,4
15483,4
15484,4
15485,4
15487,4
15495,4
15496,4
15497,4
15500,4
15501,4
15506,4
15516,4
15517,4
15518,4
15520,4
15521,4
15525,4
15527,4
15532,4
15533,4
15535,4
15537,4
15538,4
15539,4
15540,4
15541,4
15542,4
15544,4
15545,4
15547,4
15548,4
15553,4
15554,4
15555,4
15557,4
15568,4
15570,4
15574,4
15736,4
15738,4
15739,4
15741,4
15742,4
15747,4
15750,4
15768,4
15769,4
15770,4
15772,4
15773,4
15776,4
15780,4
15781,4
15813,4
15814,4
15821,4
15824,4
15835,4
15836,4
15838,4
15839,4
15841,4
15844,4
15852,4
15853,4
15854,4
15855,4
15857,4
15858,4
15861,4
15862,4
15865,4
15873,4
15875,4
15877,4
15883,4
15884,4
15886,4
15890,4
15891,4
15895,4
15896,4
15897,4
15899,4
15903,4
15904,4
15908,4
15909,4
15910,4
15912,4
15915,4
15941,4
15946,4
15947,4
15948,4
15949,4
15953,4
15954,4
15955,4
15956,4
15957,4
15960,4
15961,4
15964,4
15965,4
15968,4
15970,4
15972,4
15982,4
15983,4
15984,4
15985,4
15986,4
15989,4
15990,4
15992,4
15995,4
15998,4
16001,4
16003,4
16006,4
16010,4
16014,4
16015,4
16017,4
16018,4
16019,4
16060,4
16061,4
16063,4
16064,4
16065,4
16066,4
16069,4
16070,4
16077,4
16078,4
16079,4
16080,4
16081,4
16086,4
16087,4
16091,4
16093,4
16094,4
16095,4
16100,4
16101,4
16102,4
16112,4
16113,4
16114,4
16115,4
16116,4
16118,4
16120,4
16122,4
16126,4
16127,4
16130,4
16131,4
16138,4
16139,4
16141,4
16143,4
16147,4
16148,4
16150,4
16152,4
16154,4
16210,4
16212,4
16222,4
16223,4
16224,4
16225,4
16227,4
16228,4
16230,4
16233,4
16234,4
16235,4
16238,4
16239,4
16240,4
16242,4
16244,4
16245,4
16249,4
16335,4
16336,4
16337,4
16340,4
16344,4
16355,4
16356,4
16357,4
16361,4
16362,4
16364,4
16371,4
16372,4
16375,4
16377,4
16379,4
16383,4
16384,4
16385,4
16478,4
16485,4
16490,4
16503,4
16504,4
16505,4
16641,4
16644,4
16645,4
16647,4
16648,4
16652,4
16655,4
16673,4
16676,4
16677,4
16714,4
16715,4
16718,4
16719,4
16720,4
16723,4
16724,4
16726,4
16748,4
16749,4
16750,4
16752,4
16759,4
16760,4
16766,4
16767,4
16768,4
16769,4
16770,4
16775,4
16778,4
16779,4
16781,4
16786,4
16787,4
16788,4
16792,4
16793,4
16795,4
16798,4
16799,4
16806,4
16807,4
16808,4
16809,4
16812,4
16813,4
16814,4
16815,4
16816,4
16817,4
16818,4
16833,4
16838,4
16839,4
16842,4
16843,4
16844,4
16845,4
16851,4
16852,4
16853,4
16854,4
16860,4
16861,4
16862,4
16865,4
16866,4
16867,4
16868,4
16869,4
16871,4
16872,4
16874,4
16875,4
16880,4
16881,4
16883,4
16887,4
16888,4
16889,4
16891,4
16892,4
16895,4
16896,4
16897,4
16898,4
16900,4
16901,4
16903,4
16904,4
16905,4
16907,4
16909,4
16917,4
16920,4
16924,4
16925,4
16947,4
16949,4
16953,4
16961,4
16962,4
16963,4
16965,4
16966,4
16968,4
16969,4
16973,4
16976,4
16977,4
16979,4
16982,4
16983,4
16984,4
16988,4
16990,4
16992,4
16994,4
16997,4
16999,4
17000,4
17003,4
17004,4
17005,4
17007,4
17008,4
17009,4
17010,4
17011,4
17012,4
17014,4
17016,4
17018,4
17021,4
17022,4
17024,4
17029,4
17030,4
17031,4
17032,4
17033,4
17038,4
17039,4
17117,4
17122,4
17123,4
17128,4
17129,4
17130,4
17138,4
17139,4
17142,4
17145,4
17146,4
17153,4
17154,4
17155,4
17156,4
17157,4
17163,4
17164,4
17165,4
17169,4
17170,4
17171,4
17172,4
17173,4
17174,4
17176,4
17177,4
17178,4
17179,4
17262,4
17265,4
17267,4
17270,4
17275,4
17335,4
17336,4
17344,4
17358,4
17363,4
17364,4
17366,4
17369,4
17380,4
17382,4
17384,4
17393,4
17394,4
17395,4
17396,4
17397,4
17398,4
17399,4
17407,4
17408,4
17415,4
17416,4
17417,4
17418,4
17419,4
17420,4
17421,4
17426,4
17427,4
17428,4
17434,4
17435,4
17436,4
17437,4
17440,4
17441,4
17445,4
17446,4
17447,4
17448,4
17454,4
17455,4
17458,4
17459,4
17460,4
17462,4
17467,4
17469,4
17470,4
17472,4
17474,4
17475,4
17480,4
17489,4
17490,4
17497,4
17498,4
17499,4
17506,4
17507,4
17508,4
17517,4
17520,4
17521,4
17523,4
17524,4
17525,4
17532,4
17536,4
17537,4
17538,4
17542,4
17543,4
17546,4
17547,4
17548,4
17549,4
17552,4
17555,4
17559,4
17561,4
17562,4
17563,4
17566,4
17567,4
17568,4
17571,4
17572,4
17573,4
17574,4
17576,4
17577,4
17578,4
17580,4
17581,4
17582,4
17584,4
17591,4
17592,4
17593,4
17594,4
17598,4
17602,4
17605,4
17606,4
17607,4
17609,4
17610,4
17614,4
17617,4
17621,4
17623,4
17624,4
17658,4
17660,4
17661,4
17662,4
17663,4
17664,4
17666,4
17667,4
17668,4
17670,4
17671,4
17673,4
17674,4
17676,4
17678,4
17681,4
17683,4
17684,4
17690,4
17694,4
17695,4
17696,4
17697,4
17698,4
17859,4
17860,4
17863,4
17866,4
17868,4
17869,4
17870,4
18050,4
18052,4
18056,4
18057,4
18058,4
18061,4
18062,4
18063,4
18064,4
18066,4
18068,4
18069,4
18070,4
18071,4
18073,4
18075,4
18076,4
18079,4
18080,4
18085,4
18086,4
18087,4
18088,4
18094,4
18095,4
18096,4
18099,4
18100,4
18101,4
18102,4
18106,4
18107,4
18108,4
18109,4
18110,4
18111,4
18112,4
18113,4
18114,4
18119,4
18120,4
18123,4
18228,4
18229,4
18230,4
18231,4
18232,4
18235,4
18311,4
18312,4
18313,4
18327,4
18328,4
18339,4
18340,4
18341,4
18342,4
18343,4
18344,4
18346,4
18347,4
18348,4
18349,4
18350,4
18351,4
18352,4
18354,4
18358,4
18359,4
18360,4
18361,4
18366,4
18369,4
18370,4
18375,4
18376,4
18378,4
18381,4
18385,4
18386,4
18387,4
18388,4
18398,4
18399,4
18400,4
18405,4
18406,4
18409,4
18410,4
18412,4
18413,4
18415,4
18417,4
18418,4
18419,4
18420,4
18421,4
18422,4
18423,4
18424,4
18425,4
18426,4
18431,4
18432,4
18434,4
18436,4
18437,4
18438,4
18440,4
18441,4
18448,4
18454,4
18455,4
18456,4
18459,4
18460,4
18473,4
18474,4
18476,4
18477,4
18478,4
18480,4
18481,4
18498,4
18502,4
18503,4
18504,4
18505,4
18507,4
18508,4
18509,4
18510,4
18511,4
18512,4
18513,4
18514,4
18519,4
18520,4
18521,4
18522,4
18526,4
18528,4
18531,4
18533,4
18536,4
18537,4
18539,4
18540,4
18543,4
18547,4
18548,4
18550,4
18552,4
18555,4
18556,4
18560,4
18561,4
18562,4
18563,4
18564,4
18566,4
18567,4
18568,4
18572,4
18574,4
18575,4
18576,4
18577,4
18578,4
18585,4
18586,4
18590,4
18591,4
18594,4
18596,4
18597,4
18598,4
18601,4
18602,4
18608,4
18610,4
18612,4
18613,4
18614,4
18615,4
18616,4
18643,4
18646,4
18647,4
18648,4
18649,4
18650,4
18654,4
18656,4
18657,4
18659,4
18660,4
18662,4
18663,4
18667,4
18669,4
18670,4
18671,4
18672,4
18673,4
18675,4
18678,4
18680,4
18681,4
18682,4
18683,4
18684,4
18687,4
18750,4
18751,4
18752,4
18754,4
18760,4
18761,4
18762,4
18764,4
18770,4
18771,4
18772,4
18773,4
18774,4
18776,4
18777,4
18778,4
18779,4
18780,4
18781,4
18782,4
18784,4
18786,4
18794,4
18798,4
18799,4
18801,4
18804,4
18807,4
18808,4
18818,4
18819,4
18820,4
18823,4
18824,4
18825,4
18830,4
18831,4
18832,4
18833,4
18835,4
18837,4
18838,4
18848,4
18850,4
18851,4
18856,4
18858,4
18862,4
18863,4
18864,4
18866,4
18868,4
18869,4
18876,4
18877,4
18878,4
18879,4
18891,4
18892,4
18893,4
18894,4
18904,4
18913,4
18914,4
18915,4
18916,4
18917,4
18920,4
18924,4
18935,4
18936,4
18937,4
18938,4
18939,4
18942,4
18945,4
18946,4
18947,4
18948,4
18953,4
18954,4
18955,4
18956,4
18958,4
18960,4
18962,4
18964,4
18965,4
18966,4
18967,4
18970,4
18973,4
18974,4
18975,4
18979,4
18981,4
18983,4
18988,4
18989,4
18992,4
18993,4
18995,4
18996,4
19003,4
19004,4
19009,4
19010,4
19011,4
19012,4
19013,4
19016,4
19017,4
19018,4
19019,4
19020,4
19022,4
19023,4
19109,4
19110,4
19111,4
19112,4
19114,4
19115,4
19117,4
19121,4
19122,4
19124,4
19128,4
19129,4
19130,4
19134,4
19140,4
19142,4
19144,4
19145,4
19146,4
19153,4
19155,4
19158,4
19159,4
19160,4
19161,4
19162,4
19163,4
19164,4
19165,4
19166,4
19167,4
19171,4
19198,4
19199,4
19203,4
19206,4
19210,4
19211,4
19213,4
19214,4
19216,4
19218,4
19221,4
19225,4
19226,4
19229,4
19230,4
19231,4
19233,4
19234,4
19235,4
19240,4
19241,4
19242,4
19243,4
19244,4
19245,4
19393,4
19395,4
19397,4
19398,4
19401,4
19402,4
19403,4
19404,4
19408,4
19409,4
19530,4
19531,4
19532,4
19533,4
19534,4
19535,4
19539,4
19544,4
19545,4
19547,4
19548,4
19550,4
19633,4
19634,4
19639,4
19644,4
19655,4
19656,4
19658,4
19659,4
19660,4
19665,4
19670,4
19671,4
19679,4
19685,4
19686,4
19687,4
19688,4
19690,4
19692,4
19696,4
19697,4
19698,4
19700,4
19702,4
19703,4
19707,4
19708,4
19714,4
19715,4
19716,4
19719,4
19722,4
19723,4
19725,4
19730,4
19731,4
19732,4
19734,4
19735,4
19736,4
19739,4
19744,4
19745,4
19747,4
19749,4
19756,4
19758,4
19759,4
19760,4
19767,4
19768,4
19769,4
19775,4
19776,4
19777,4
19778,4
19780,4
19799,4
19800,4
19805,4
19806,4
19808,4
19809,4
19810,4
19812,4
19814,4
19818,4
19819,4
19820,4
19821,4
19825,4
19831,4
19832,4
19837,4
19840,4
19841,4
19843,4
19849,4
19850,4
19851,4
19853,4
19854,4
19856,4
19857,4
19859,4
19866,4
19867,4
19868,4
19869,4
19876,4
19877,4
19878,4
19879,4
19880,4
19881,4
19882,4
19883,4
19888,4
19889,4
19890,4
19892,4
19895,4
19897,4
19981,4
19982,4
19983,4
19984,4
19986,4
19990,4
19991,4
19992,4
19994,4
19995,4
19998,4
19999,4
20002,4
20003,4
20004,4
20005,4
20008,4
20009,4
20010,4
20012,4
20014,4
20015,4
20017,4
20020,4
20022,4
20024,4
20027,4
20028,4
20029,4
20030,4
20031,4
20033,4
20036,4
20037,4
20038,4
20040,4
20067,4
20068,4
20069,4
20074,4
20076,4
20077,4
20083,4
20090,4
20091,4
20092,4
20093,4
20094,4
20095,4
20097,4
20098,4
20099,4
20100,4
20105,4
20109,4
20110,4
20111,4
20112,4
20115,4
20116,4
20118,4
20122,4
20123,4
20124,4
20126,4
20139,4
20180,4
20181,4
20185,4
20187,4
20191,4
20192,4
20193,4
20194,4
20198,4
20199,4
20201,4
20204,4
20207,4
20270,4
20271,4
20278,4
20279,4
20286,4
20287,4
20288,4
20289,4
20290,4
20291,4
20292,4
20293,4
20294,4
20296,4
20297,4
20298,4
20302,4
20303,4
20305,4
20306,4
20307,4
20308,4
20310,4
20311,4
20320,4
20321,4
20324,4
20325,4
20326,4
20327,4
20328,4
20329,4
20334,4
20335,4
20336,4
20337,4
20338,4
20339,4
20340,4
20344,4
20345,4
20346,4
20347,4
20348,4
20349,4
20351,4
20353,4
20359,4
20360,4
20363,4
20364,4
20366,4
20367,4
20368,4
20371,4
20374,4
20376,4
20379,4
20382,4
20384,4
20386,4
20387,4
20391,4
20392,4
20393,4
20395,4
20396,4
20397,4
20398,4
20400,4
20401,4
20405,4
20411,4
20412,4
20413,4
20414,4
20421,4
20422,4
20434,4
20435,4
20436,4
20437,4
20438,4
20439,4
20440,4
20442,4
20443,4
20449,4
20458,4
20459,4
20461,4
20462,4
20463,4
20465,4
20466,4
20475,4
20476,4
20477,4
20481,4
20484,4
20485,4
20486,4
20490,4
20494,4
20495,4
20496,4
20497,4
20502,4
20503,4
20504,4
20505,4
20509,4
20511,4
20512,4
20515,4
20516,4
20518,4
20522,4
20523,4
20525,4
20526,4
20527,4
20531,4
20532,4
20533,4
20534,4
20535,4
20536,4
20537,4
20540,4
20541,4
20542,4
20543,4
20636,4
20637,4
20638,4
20640,4
20641,4
20643,4
20644,4
20647,4
20648,4
20649,4
20650,4
20653,4
20654,4
20657,4
20658,4
20659,4
20661,4
20663,4
20666,4
20668,4
20671,4
20672,4
20673,4
20676,4
20677,4
20678,4
20681,4
20682,4
20683,4
20684,4
20685,4
20686,4
20690,4
20692,4
20695,4
20697,4
20698,4
20699,4
20700,4
20701,4
20702,4
20705,4
20706,4
20707,4
20709,4
20737,4
20741,4
20744,4
20750,4
20751,4
20754,4
20755,4
20759,4
20761,4
20762,4
20765,4
20766,4
20768,4
20772,4
20774,4
20779,4
20784,4
20785,4
20786,4
20788,4
20789,4
20790,4
20791,4
21140,4
21145,4
21151,4
21152,4
21153,4
21154,4
21155,4
21157,4
21160,4
21162,4
21163,4
21164,4
21233,4
21234,4
21235,4
21237,4
21240,4
21242,4
21243,4
21244,4
21245,4
21246,4
21261,4
21262,4
21265,4
21268,4
21269,4
21271,4
21274,4
21275,4
21281,4
21282,4
21286,4
21287,4
21288,4
21293,4
21294,4
21300,4
21303,4
21307,4
21309,4
21310,4
21313,4
21315,4
21316,4
21317,4
21324,4
21325,4
21326,4
21327,4
21328,4
21329,4
21330,4
21334,4
21338,4
21341,4
21342,4
21343,4
21344,4
21346,4
21350,4
21351,4
21356,4
21358,4
21368,4
21369,4
21385,4
21386,4
21398,4
21399,4
21411,4
21416,4
21417,4
21419,4
21420,4
21422,4
21424,4
21425,4
21426,4
21430,4
21433,4
21434,4
21435,4
21437,4
21438,4
21440,4
21442,4
21444,4
21448,4
21449,4
21451,4
21454,4
21457,4
21458,4
21459,4
21460,4
21462,4
21463,4
21465,4
21468,4
21469,4
21470,4
21472,4
21475,4
21476,4
21477,4
21478,4
21479,4
21486,4
21487,4
21488,4
21492,4
21493,4
21496,4
21497,4
21498,4
21499,4
21502,4
21575,4
21587,4
21588,4
21591,4
21593,4
21594,4
21597,4
21600,4
21601,4
21604,4
21609,4
21610,4
21611,4
21615,4
21619,4
21627,4
21632,4
21635,4
21636,4
21637,4
21640,4
21641,4
21643,4
21644,4
21646,4
21648,4
21649,4
21650,4
21653,4
21654,4
21660,4
21686,4
21687,4
21688,4
21693,4
21694,4
21695,4
21697,4
21698,4
21699,4
21700,4
21705,4
21711,4
21712,4
21713,4
21717,4
21718,4
21720,4
21722,4
21723,4
21724,4
21730,4
21731,4
21734,4
21735,4
21736,4
21743,4
21744,4
21746,4
21747,4
21748,4
21749,4
21750,4
21751,4
21755,4
21756,4
21760,4
21761,4
21766,4
21767,4
21769,4
21771,4
21774,4
21775,4
21779,4
21780,4
21785,4
21786,4
21787,4
21788,4
21789,4
21790,4
21791,4
21794,4
21795,4
21800,4
21801,4
21802,4
21806,4
21807,4
21808,4
21809,4
21810,4
21811,4
21902,4
21903,4
21909,4
21915,4
21917,4
21918,4
21920,4
21922,4
21927,4
21928,4
21929,4
21930,4
21931,4
21932,4
21933,4
21934,4
21936,4
21937,4
21940,4
21941,4
22009,4
22010,4
22012,4
22022,4
22023,4
22024,4
22025,4
22034,4
22035,4
22036,4
22038,4
22039,4
22040,4
22042,4
22043,4
22044,4
22047,4
22048,4
22049,4
22052,4
22053,4
22054,4
22055,4
22061,4
22062,4
22066,4
22068,4
22069,4
22070,4
22071,4
22072,4
22075,4
22076,4
22077,4
22078,4
22082,4
22083,4
22084,4
22085,4
22086,4
22087,4
22088,4
22089,4
22090,4
22099,4
22103,4
22104,4
22105,4
22106,4
22108,4
22111,4
22116,4
22119,4
22123,4
22125,4
22126,4
22127,4
22129,4
22130,4
22131,4
22132,4
22134,4
22136,4
22137,4
22138,4
22139,4
22142,4
22145,4
22146,4
22152,4
22153,4
22161,4
22162,4
22163,4
22164,4
22165,4
22184,4
22185,4
22186,4
22190,4
22215,4
22216,4
22221,4
22222,4
22223,4
22224,4
22226,4
22227,4
22229,4
22231,4
22235,4
22236,4
22237,4
22239,4
22246,4
22248,4
22249,4
22250,4
22256,4
22257,4
22258,4
22261,4
22262,4
22266,4
22269,4
22270,4
22271,4
22272,4
22273,4
22275,4
22276,4
22279,4
22280,4
22281,4
22284,4
22286,4
22287,4
22289,4
22291,4
22292,4
22293,4
22294,4
22295,4
22296,4
22297,4
22298,4
22301,4
22330,4
22331,4
22336,4
22337,4
22338,4
22340,4
22344,4
22345,4
22346,4
22347,4
22348,4
22352,4
22355,4
22356,4
22357,4
22358,4
22361,4
22362,4
22364,4
22365,4
22367,4
22369,4
22370,4
22372,4
22375,4
22547,4
22548,4
22718,4
22719,4
22720,4
22722,4
22723,4
22724,4
22729,4
22731,4
22734,4
22737,4
22738,4
22740,4
22744,4
22745,4
22746,4
22747,4
22750,4
22751,4
22756,4
22757,4
22768,4
22769,4
22770,4
22775,4
22776,4
22778,4
22779,4
22780,4
22781,4
22782,4
22784,4
22787,4
22788,4
22789,4
22790,4
22791,4
22862,4
22865,4
22873,4
22875,4
22876,4
22879,4
22886,4
22887,4
22890,4
22891,4
22892,4
22894,4
22898,4
22899,4
22977,4
22979,4
22980,4
22982,4
22989,4
22990,4
22991,4
22993,4
22999,4
23004,4
23006,4
23007,4
23011,4
23015,4
23016,4
23019,4
23021,4
23026,4
23027,4
23028,4
23032,4
23033,4
23034,4
23035,4
23036,4
23039,4
23040,4
23041,4
23042,4
23047,4
23052,4
23056,4
23058,4
23060,4
23061,4
23063,4
23066,4
23067,4
23068,4
23069,4
23071,4
23075,4
23076,4
23080,4
23081,4
23082,4
23091,4
23092,4
23093,4
23110,4
23111,4
23112,4
23115,4
23126,4
23127,4
23130,4
23132,4
23133,4
23135,4
23136,4
23138,4
23139,4
23145,4
23146,4
23147,4
23149,4
23150,4
23153,4
23155,4
23159,4
23160,4
23161,4
23162,4
23163,4
23165,4
23166,4
23170,4
23171,4
23174,4
23175,4
23176,4
23182,4
23183,4
23184,4
23185,4
23186,4
23189,4
23190,4
23192,4
23194,4
23197,4
23201,4
23205,4
23206,4
23207,4
23210,4
23212,4
23213,4
23214,4
23215,4
23216,4
23217,4
23238,4
23239,4
23247,4
23252,4
23254,4
23256,4
23257,4
23258,4
23268,4
23269,4
23270,4
23271,4
23272,4
23275,4
23276,4
23277,4
23278,4
23286,4
23287,4
23288,4
23293,4
23295,4
23296,4
23297,4
23301,4
23304,4
23318,4
23319,4
23326,4
23327,4
23328,4
23336,4
23337,4
23338,4
23340,4
23342,4
23349,4
23354,4
23355,4
23356,4
23357,4
23358,4
23359,4
23360,4
23361,4
23364,4
23365,4
23366,4
23369,4
23374,4
23375,4
23380,4
23382,4
23383,4
23384,4
23386,4
23388,4
23391,4
23392,4
23393,4
23394,4
23395,4
23398,4
23399,4
23400,4
23405,4
23407,4
23452,4
23453,4
23454,4
23456,4
23457,4
23463,4
23464,4
23468,4
23469,4
23470,4
23471,4
23472,4
23481,4
23482,4
23483,4
23484,4
23492,4
23493,4
23495,4
23499,4
23500,4
23501,4
23502,4
23505,4
23506,4
23507,4
23510,4
23515,4
23516,4
23519,4
23549,4
23550,4
23558,4
23560,4
23564,4
23565,4
23578,4
23580,4
23581,4
23582,4
23586,4
23587,4
23589,4
23590,4
23594,4
23669,4
23674,4
23677,4
23678,4
23680,4
23683,4
23684,4
23685,4
23686,4
23688,4
23689,4
23690,4
23693,4
23695,4
23698,4
23699,4
23701,4
23702,4
23703,4
23704,4
23705,4
23708,4
23709,4
23712,4
23713,4
23718,4
23721,4
23722,4
23723,4
23724,4
23727,4
23728,4
23729,4
23737,4
23738,4
23739,4
23740,4
23742,4
23781,4
23787,4
23788,4
23789,4
23794,4
23795,4
23796,4
23797,4
23799,4
23800,4
23807,4
23808,4
23809,4
23810,4
23811,4
23812,4
23813,4
23814,4
23815,4
23816,4
23818,4
23823,4
23824,4
23825,4
23826,4
23828,4
23835,4
23836,4
23837,4
23838,4
23839,4
23840,4
23841,4
23843,4
23845,4
23848,4
23852,4
23854,4
23855,4
23862,4
23863,4
23864,4
23873,4
23876,4
23877,4
23878,4
23880,4
23881,4
23882,4
23883,4
23884,4
23885,4
23886,4
23888,4
23890,4
24221,4
24225,4
24226,4
24227,4
24231,4
24232,4
24233,4
24234,4
24238,4
24239,4
24254,4
24261,4
24262,4
24263,4
24264,4
24265,4
24275,4
24286,4
24287,4
24288,4
24289,4
24292,4
24293,4
24295,4
24296,4
24297,4
24298,4
24299,4
24314,4
24315,4
24316,4
24317,4
24318,4
24323,4
24324,4
24325,4
24328,4
24330,4
24331,4
24334,4
24338,4
24339,4
24340,4
24341,4
24343,4
24346,4
24347,4
24348,4
24349,4
24350,4
24351,4
24353,4
24354,4
24355,4
24356,4
24357,4
24358,4
24359,4
24385,4
24387,4
24391,4
24394,4
24395,4
24396,4
24397,4
24398,4
24401,4
24402,4
24403,4
24404,4
24405,4
24406,4
24407,4
24408,4
24409,4
24411,4
24412,4
24413,4
24414,4
24417,4
24419,4
24422,4
24423,4
24424,4
24426,4
24427,4
24428,4
24430,4
24432,4
24433,4
24436,4
24437,4
24440,4
24443,4
24444,4
24445,4
24446,4
24447,4
24449,4
24486,4
24492,4
24499,4
24512,4
24513,4
24514,4
24515,4
24516,4
24517,4
24518,4
24519,4
24520,4
24522,4
24523,4
24524,4
24526,4
24527,4
24528,4
24529,4
24616,4
24618,4
24619,4
24620,4
24624,4
24626,4
24628,4
24629,4
24631,4
24635,4
24638,4
24640,4
24641,4
24643,4
24644,4
24648,4
24650,4
24654,4
24655,4
24656,4
24660,4
24662,4
24668,4
24669,4
24670,4
24673,4
24674,4
24675,4
24677,4
24678,4
24679,4
24680,4
24681,4
24683,4
24684,4
24685,4
24686,4
24688,4
24728,4
24735,4
24738,4
24739,4
24742,4
24745,4
24747,4
24749,4
24750,4
24753,4
24754,4
24756,4
24761,4
24768,4
24769,4
24770,4
24772,4
24775,4
24776,4
24777,4
24782,4
24783,4
24784,4
24789,4
24790,4
24792,4
24793,4
24796,4
24799,4
24802,4
24804,4
24806,4
24807,4
24808,4
24809,4
24810,4
24811,4
24812,4
24813,4
24815,4
24822,4
24823,4
24827,4
24828,4
24829,4
24831,4
24925,4
24926,4
24928,4
24930,4
24932,4
24933,4
24934,4
24935,4
24940,4
24942,4
24944,4
24946,4
24948,4
24950,4
24951,4
24954,4
24955,4
24956,4
24957,4
24958,4
24959,4
24963,4
24971,4
24972,4
24973,4
24974,4
24980,4
24982,4
24983,4
24984,4
24985,4
24987,4
24988,4
24990,4
24992,4
24993,4
24994,4
24996,4
24997,4
24998,4
24999,4
25007,4
25008,4
25014,4
25015,4
25018,4
25023,4
25024,4
25025,4
25042,4
25043,4
25044,4
25047,4
25049,4
25050,4
25060,4
25064,4
25068,4
25071,4
25075,4
25076,4
25078,4
25080,4
25081,4
25082,4
25083,4
25085,4
25086,4
25088,4
25091,4
25092,4
25099,4
25102,4
25103,4
25105,4
25148,4
25150,4
25151,4
25152,4
25154,4
25155,4
25156,4
25161,4
25162,4
25163,4
25164,4
25165,4
25166,4
25167,4
25168,4
25169,4
25172,4
25176,4
25184,4
25185,4
25186,4
25191,4
25195,4
25197,4
25198,4
25199,4
25201,4
25203,4
25204,4
25205,4
25206,4
25208,4
25255,4
25257,4
25258,4
25261,4
25264,4
25277,4
25278,4
25279,4
25280,4
25282,4
25283,4
25284,4
25286,4
25292,4
25329,4
25330,4
25339,4
25341,4
25343,4
25345,4
25348,4
25350,4
25354,4
25357,4
25359,4
25360,4
25362,4
25365,4
25366,4
25369,4
25372,4
25373,4
25374,4
25375,4
25376,4
25377,4
25381,4
25382,4
25384,4
25385,4
25386,4
25388,4
25389,4
25390,4
25391,4
25396,4
25397,4
25398,4
25399,4
25400,4
25401,4
25403,4
25404,4
25406,4
25409,4
25410,4
25411,4
25414,4
25415,4
25416,4
25417,4
25418,4
25419,4
25422,4
25423,4
25425,4
25426,4
25427,4
25429,4
25430,4
25431,4
25432,4
25434,4
25436,4
25439,4
25440,4
25441,4
25834,4
25835,4
25836,4
25837,4
25838,4
25839,4
25840,4
25841,4
25842,4
25844,4
25848,4
25849,4
25854,4
25856,4
25860,4
25861,4
25862,4
25867,4
25868,4
25878,4
25879,4
25880,4
25881,4
25882,4
25889,4
25890,4
25891,4
25894,4
25897,4
25899,4
25901,4
25905,4
25908,4
25909,4
25910,4
25916,4
25917,4
25924,4
25933,4
25934,4
25942,4
25943,4
25951,4
25952,4
25953,4
25954,4
25955,4
25957,4
25959,4
25965,4
25966,4
25967,4
25969,4
25974,4
25976,4
25977,4
25978,4
25984,4
25985,4
25987,4
25996,4
25997,4
26000,4
26003,4
26004,4
26007,4
26008,4
26009,4
26011,4
26012,4
26014,4
26015,4
26016,4
26017,4
26042,4
26044,4
26046,4
26048,4
26056,4
26057,4
26058,4
26059,4
26060,4
26061,4
26065,4
26066,4
26067,4
26070,4
26071,4
26072,4
26082,4
26083,4
26084,4
26089,4
26090,4
26091,4
26093,4
26094,4
26096,4
26097,4
26098,4
26105,4
26106,4
26107,4
26108,4
26109,4
26111,4
26114,4
26117,4
26118,4
26119,4
26120,4
26121,4
26122,4
26123,4
26124,4
26126,4
26128,4
26169,4
26170,4
26171,4
26172,4
26183,4
26193,4
26194,4
26195,4
26196,4
26198,4
26199,4
26201,4
26203,4
26234,4
26237,4
26238,4
26241,4
26245,4
26246,4
26247,4
26251,4
26252,4
26257,4
26264,4
26267,4
26268,4
26271,4
26280,4
26281,4
26283,4
26286,4
26288,4
26289,4
26290,4
26291,4
26300,4
26301,4
26302,4
26303,4
26306,4
26307,4
26309,4
26313,4
26314,4
26315,4
26319,4
26320,4
26326,4
26327,4
26328,4
26329,4
26334,4
26335,4
26336,4
26338,4
26342,4
26344,4
26345,4
26346,4
26351,4
26376,4
26452,4
26458,4
26465,4
26467,4
26468,4
26469,4
26470,4
26471,4
26472,4
26475,4
26476,4
26477,4
26478,4
26479,4
26480,4
26481,4
26483,4
26484,4
26486,4
26489,4
26490,4
26492,4
26494,4
26499,4
26500,4
26501,4
26502,4
26510,4
26511,4
26514,4
26515,4
26516,4
26517,4
26518,4
26519,4
26523,4
26524,4
26525,4
26526,4
26531,4
26532,4
26534,4
26536,4
26538,4
26539,4
26540,4
26541,4
26545,4
26546,4
26554,4
26555,4
26557,4
26574,4
26575,4
26576,4
26577,4
26578,4
26579,4
26583,4
26593,4
26594,4
26596,4
26599,4
26600,4
26601,4
26602,4
26603,4
26604,4
26605,4
26607,4
26608,4
26610,4
26611,4
26612,4
26613,4
26617,4
26618,4
26626,4
26627,4
26631,4
26633,4
26634,4
26635,4
26637,4
26639,4
26641,4
26645,4
26646,4
26647,4
26648,4
26649,4
26650,4
26674,4
26675,4
26676,4
26677,4
26681,4
26684,4
26685,4
26689,4
26690,4
26691,4
26695,4
26697,4
26698,4
26704,4
26705,4
26707,4
26708,4
26709,4
26710,4
26711,4
26712,4
26713,4
26715,4
26718,4
26721,4
26722,4
26723,4
26728,4
26731,4
26732,4
26736,4
26738,4
26775,4
26776,4
26777,4
26779,4
26780,4
26786,4
26788,4
26790,4
26791,4
26792,4
26793,4
26799,4
26800,4
26801,4
26803,4
26804,4
26805,4
26807,4
26809,4
26811,4
26812,4
26813,4
27010,4
27013,4
27018,4
27020,4
27021,4
27029,4
27031,4
27032,4
27035,4
27037,4
27038,4
27039,4
27044,4
27046,4
27051,4
27054,4
27055,4
27056,4
27059,4
27065,4
27066,4
27067,4
27068,4
27069,4
27076,4
27077,4
27078,4
27079,4
27080,4
27081,4
27087,4
27090,4
27092,4
27093,4
27094,4
27095,4
27104,4
27105,4
27106,4
27107,4
27108,4
27114,4
27189,4
27190,4
27192,4
27193,4
27195,4
27204,4
27205,4
27206,4
27209,4
27210,4
27212,4
27214,4
27216,4
27218,4
27219,4
27220,4
27222,4
27225,4
27227,4
27229,4
27231,4
27233,4
27237,4
27238,4
27239,4
27241,4
27245,4
27246,4
27247,4
27249,4
27251,4
27257,4
27258,4
27260,4
27263,4
27266,4
27268,4
27273,4
27274,4
27275,4
27276,4
27277,4
27278,4
27280,4
27287,4
27288,4
27289,4
27293,4
27294,4
27296,4
27301,4
27379,4
27381,4
27382,4
27383,4
27385,4
27386,4
27389,4
27392,4
27397,4
27398,4
27399,4
27405,4
27408,4
27409,4
27410,4
27412,4
27417,4
27418,4
27423,4
27424,4
27425,4
27426,4
27427,4
27432,4
27433,4
27434,4
27435,4
27438,4
27439,4
27442,4
27443,4
27445,4
27446,4
27447,4
27448,4
27449,4
27452,4
27453,4
27458,4
27459,4
27460,4
27462,4
27463,4
27467,4
27468,4
27476,4
27477,4
27478,4
27479,4
27480,4
27481,4
27505,4
27506,4
27507,4
27508,4
27510,4
27521,4
27526,4
27527,4
27528,4
27529,4
27530,4
27533,4
27534,4
27535,4
27537,4
27539,4
27540,4
27541,4
27543,4
27544,4
27546,4
27547,4
27552,4
27553,4
27554,4
27555,4
27561,4
27564,4
27565,4
27566,4
27569,4
27571,4
27572,4
27573,4
27574,4
27575,4
27578,4
27579,4
27600,4
27601,4
27603,4
27609,4
27610,4
27611,4
27612,4
27615,4
27616,4
27619,4
27620,4
27621,4
27623,4
27624,4
27626,4
27627,4
27630,4
27631,4
27640,4
27641,4
27642,4
27645,4
27646,4
27647,4
27651,4
27654,4
27655,4
27660,4
27661,4
27662,4
27663,4
27664,4
27665,4
27666,4
27667,4
27669,4
27670,4
27674,4
27676,4
27680,4
27681,4
27682,4
27726,4
27727,4
27737,4
27749,4
27750,4
27751,4
27754,4
27755,4
27913,4
27914,4
27915,4
27916,4
27917,4
27918,4
27920,4
27988,4
27989,4
27990,4
27993,4
27995,4
27996,4
27997,4
28001,4
28005,4
28006,4
28007,4
28009,4
28014,4
28016,4
28018,4
28022,4
28024,4
28026,4
28029,4
28031,4
28032,4
28033,4
28038,4
28039,4
28042,4
28043,4
28044,4
28048,4
28049,4
28050,4
28053,4
28054,4
28058,4
28059,4
28061,4
28062,4
28063,4
28065,4
28066,4
28067,4
28068,4
28070,4
28071,4
28076,4
28077,4
28083,4
28084,4
28086,4
28087,4
28088,4
28089,4
28090,4
28096,4
28097,4
28099,4
28100,4
28104,4
28105,4
28106,4
28112,4
28123,4
28124,4
28125,4
28126,4
28127,4
28128,4
28131,4
28145,4
28146,4
28147,4
28149,4
28150,4
28151,4
28152,4
28154,4
28155,4
28156,4
28158,4
28159,4
28162,4
28164,4
28166,4
28167,4
28168,4
28170,4
28172,4
28182,4
28183,4
28184,4
28185,4
28187,4
28190,4
28193,4
28199,4
28200,4
28221,4
28223,4
28224,4
28225,4
28229,4
28230,4
28234,4
28235,4
28236,4
28237,4
28238,4
28242,4
28243,4
28244,4
28250,4
28251,4
28252,4
28253,4
28258,4
28259,4
28267,4
28268,4
28269,4
28271,4
28273,4
28275,4
28281,4
28287,4
28288,4
28289,4
28293,4
28294,4
28296,4
28298,4
28299,4
28301,4
28331,4
28333,4
28335,4
28340,4
28344,4
28345,4
28355,4
28356,4
28358,4
28360,4
28362,4
28571,4
28580,4
28584,4
28585,4
28586,4
28587,4
28588,4
28591,4
28592,4
28593,4
28595,4
28596,4
28597,4
28598,4
28601,4
28603,4
28605,4
28606,4
28612,4
28616,4
28619,4
28621,4
28622,4
28623,4
28627,4
28629,4
28635,4
28636,4
28637,4
28638,4
28639,4
28642,4
28643,4
28645,4
28649,4
28650,4
28651,4
28653,4
28658,4
28662,4
28672,4
28673,4
28674,4
28675,4
28676,4
28682,4
28761,4
28763,4
28764,4
28765,4
28773,4
28774,4
28775,4
28776,4
28781,4
28782,4
28784,4
28785,4
28788,4
28789,4
28795,4
28796,4
28797,4
28799,4
28800,4
28804,4
28805,4
28810,4
28811,4
28812,4
28813,4
28815,4
28827,4
28828,4
28829,4
28831,4
28835,4
28840,4
28841,4
28842,4
28843,4
28844,4
28846,4
28847,4
28855,4
28857,4
28858,4
28860,4
28864,4
28865,4
28866,4
28867,4
28868,4
28873,4
28966,4
28967,4
28968,4
28973,4
28974,4
28975,4
28977,4
28978,4
28981,4
28982,4
28983,4
28985,4
28987,4
28988,4
28990,4
28994,4
28997,4
28998,4
28999,4
29003,4
29004,4
29008,4
29009,4
29010,4
29011,4
29018,4
29019,4
29020,4
29024,4
29025,4
29026,4
29028,4
29030,4
29032,4
29033,4
29035,4
29038,4
29040,4
29045,4
29048,4
29050,4
29051,4
29052,4
29056,4
29057,4
29058,4
29059,4
29060,4
29070,4
29076,4
29077,4
29078,4
29079,4
29089,4
29105,4
29106,4
29107,4
29108,4
29109,4
29110,4
29111,4
29112,4
29126,4
29127,4
29128,4
29129,4
29131,4
29132,4
29136,4
29138,4
29139,4
29141,4
29142,4
29143,4
29148,4
29151,4
29153,4
29156,4
29157,4
29161,4
29166,4
29168,4
29170,4
29172,4
29177,4
29198,4
29199,4
29201,4
29203,4
29205,4
29206,4
29219,4
29220,4
29221,4
29222,4
29224,4
29227,4
29228,4
29234,4
29235,4
29236,4
29237,4
29238,4
29239,4
29243,4
29244,4
29245,4
29246,4
29251,4
29252,4
29253,4
29255,4
29257,4
29260,4
29261,4
29263,4
29264,4
29265,4
29272,4
29273,4
29274,4
29275,4
29278,4
29279,4
29283,4
29285,4
29326,4
29328,4
29347,4
29350,4
29352,4
29485,4
29489,4
29496,4
29506,4
29508,4
29522,4
29523,4
29525,4
29535,4
29553,4
29560,4
29562,4
29565,4
29568,4
29570,4
29573,4
29574,4
29584,4
29598,4
29605,4
29616,4
29623,4
29631,4
29637,4
29638,4
29641,4
29646,4
29650,4
29653,4
29659,4
29660,4
29662,4
29673,4
29682,4
29686,4
29696,4
29702,4
29703,4
29708,4
29716,4
29732,4
29733,4
29739,4
29744,4
29748,4
29757,4
29758,4
29763,4
29764,4
29768,4
29772,4
29774,4
29781,4
29784,4
29788,4
29792,4
29793,4
29799,4
29805,4
29809,4
29815,4
29834,4
29842,4
29847,4
29850,4
29853,4
29859,4
29865,4
29866,4
29871,4
29889,4
29893,4
29897,4
29901,4
29902,4
29914,4
29919,4
29920,4
29929,4
29937,4
29938,4
29943,4
29944,4
29948,4
29954,4
29956,4
29957,4
29975,4
29982,4
29987,4
29992,4
29998,4
30012,4
30022,4
30027,4
30028,4
30035,4
30036,4
30040,4
30046,4
30047,4
30052,4
30056,4
30061,4
30063,4
30069,4
30089,4
30090,4
30094,4
30095,4
30100,4
30106,4
30110,4
30116,4
30117,4
11533,5
13099,5
15254,5
15491,5
16916,5
18053,5
18397,5
18529,5
18546,5
24442,5
27281,5
27372,5
29484,5
29491,5
29493,5
29500,5
29504,5
29507,5
29513,5
29514,5
29518,5
29519,5
29520,5
29534,5
29540,5
29549,5
29561,5
29563,5
29572,5
29578,5
29597,5
29604,5
29621,5
29624,5
29626,5
29640,5
29642,5
29661,5
29667,5
29672,5
29678,5
29681,5
29685,5
29691,5
29697,5
29704,5
29707,5
29715,5
29721,5
29729,5
29749,5
29756,5
29762,5
29767,5
29798,5
29804,5
29808,5
29811,5
29814,5
29817,5
29825,5
29833,5
29841,5
29846,5
29849,5
29880,5
29882,5
29888,5
29896,5
29912,5
29945,5
29958,5
29963,5
29968,5
29976,5
29993,5
29999,5
30011,5
30013,5
30017,5
30041,5
30057,5
30062,5
30068,5
30075,5
30077,5
30081,5
30084,5
30085,5
30088,5
30099,5
11019,6
11020,6
11037,6
11078,6
11091,6
11131,6
11132,6
11136,6
11142,6
11176,6
11185,6
11200,6
11203,6
11211,6
11212,6
11215,6
11223,6
11251,6
11253,6
11262,6
11276,6
11277,6
11287,6
11300,6
11316,6
11328,6
11330,6
11331,6
11498,6
11500,6
11501,6
11502,6
11505,6
11506,6
11507,6
11510,6
11512,6
11513,6
11519,6
11520,6
11523,6
11526,6
11530,6
11618,6
11619,6
11631,6
11632,6
11640,6
11641,6
11642,6
11647,6
11651,6
11652,6
11659,6
11660,6
11661,6
11677,6
11693,6
11698,6
11709,6
11711,6
11712,6
11719,6
11723,6
11724,6
11738,6
11739,6
11740,6
11748,6
11769,6
11784,6
11802,6
11808,6
11820,6
11823,6
11824,6
11827,6
11833,6
11835,6
11841,6
11845,6
11861,6
11868,6
11869,6
11875,6
11888,6
11922,6
11979,6
11984,6
12017,6
12020,6
12031,6
12032,6
12054,6
12055,6
12056,6
12060,6
12061,6
12074,6
12077,6
12080,6
12081,6
12086,6
12089,6
12090,6
12097,6
12106,6
12107,6
12113,6
12114,6
12122,6
12136,6
12140,6
12147,6
12154,6
12158,6
12159,6
12165,6
12166,6
12177,6
12182,6
12183,6
12193,6
12196,6
12202,6
12203,6
12363,6
12430,6
12431,6
12444,6
12447,6
12449,6
12451,6
12530,6
12532,6
12710,6
12760,6
12763,6
12765,6
12781,6
12782,6
12783,6
12785,6
12795,6
12880,6
12892,6
12895,6
12902,6
12903,6
12914,6
12916,6
12919,6
12928,6
12936,6
12939,6
12944,6
12945,6
12959,6
12964,6
12969,6
12970,6
12972,6
12984,6
12986,6
13027,6
13065,6
13071,6
13084,6
13095,6
13096,6
13101,6
13143,6
13144,6
13148,6
13175,6
13179,6
13185,6
13197,6
13198,6
13199,6
13201,6
13206,6
13209,6
13217,6
13222,6
13231,6
13239,6
13241,6
13249,6
13267,6
13268,6
13270,6
13271,6
13284,6
13285,6
13289,6
13290,6
13303,6
13318,6
13328,6
13330,6
13343,6
13345,6
13350,6
13358,6
13366,6
13391,6
13418,6
13423,6
13434,6
13440,6
13460,6
13466,6
13474,6
13486,6
13491,6
13660,6
13701,6
13706,6
13707,6
13708,6
13709,6
13710,6
13711,6
13719,6
13720,6
13732,6
13743,6
13751,6
13756,6
13758,6
13760,6
13762,6
13851,6
13852,6
13853,6
13860,6
13878,6
13908,6
13909,6
13916,6
13918,6
13920,6
13936,6
13941,6
13944,6
13987,6
13988,6
14041,6
14077,6
14078,6
14079,6
14084,6
14091,6
14096,6
14107,6
14108,6
14110,6
14118,6
14119,6
14244,6
14265,6
14274,6
14281,6
14282,6
14291,6
14328,6
14330,6
14332,6
14338,6
14341,6
14353,6
14359,6
14363,6
14370,6
14371,6
14387,6
14416,6
14436,6
14446,6
14455,6
14458,6
14459,6
14478,6
14480,6
14496,6
14497,6
14502,6
14504,6
14561,6
14566,6
14567,6
14574,6
14578,6
14582,6
14586,6
14597,6
14598,6
14604,6
14605,6
14606,6
14611,6
14626,6
14631,6
14632,6
14633,6
14640,6
14641,6
14655,6
14658,6
14661,6
14723,6
14724,6
14725,6
14745,6
14760,6
14765,6
14867,6
14871,6
14874,6
14875,6
14877,6
14885,6
14886,6
14893,6
14897,6
14900,6
14904,6
14906,6
14910,6
14911,6
15007,6
15008,6
15157,6
15162,6
15172,6
15175,6
15176,6
15187,6
15197,6
15201,6
15244,6
15251,6
15283,6
15291,6
15304,6
15310,6
15323,6
15334,6
15340,6
15362,6
15363,6
15376,6
15377,6
15378,6
15391,6
15395,6
15402,6
15413,6
15418,6
15468,6
15478,6
15488,6
15490,6
15494,6
15498,6
15507,6
15511,6
15526,6
15530,6
15536,6
15543,6
15549,6
15556,6
15559,6
15564,6
15566,6
15567,6
15571,6
15572,6
15748,6
15760,6
15761,6
15762,6
15815,6
15816,6
15826,6
15846,6
15847,6
15850,6
15856,6
15859,6
15863,6
15864,6
15866,6
15868,6
15872,6
15874,6
15876,6
15878,6
15879,6
15881,6
15889,6
15900,6
15905,6
15906,6
15913,6
15916,6
15917,6
15942,6
15943,6
15974,6
15993,6
15996,6
15997,6
16000,6
16005,6
16009,6
16011,6
16012,6
16020,6
16021,6
16071,6
16083,6
16085,6
16089,6
16090,6
16096,6
16097,6
16098,6
16103,6
16106,6
16109,6
16110,6
16121,6
16123,6
16124,6
16125,6
16128,6
16132,6
16133,6
16140,6
16149,6
16213,6
16219,6
16220,6
16241,6
16243,6
16247,6
16331,6
16358,6
16363,6
16365,6
16366,6
16370,6
16380,6
16479,6
16491,6
16497,6
16506,6
16643,6
16646,6
16649,6
16654,6
16666,6
16667,6
16678,6
16717,6
16721,6
16731,6
16754,6
16758,6
16763,6
16764,6
16771,6
16772,6
16784,6
16791,6
16800,6
16810,6
16820,6
16834,6
16836,6
16837,6
16840,6
16841,6
16846,6
16847,6
16848,6
16849,6
16855,6
16870,6
16873,6
16876,6
16902,6
16906,6
16910,6
16921,6
16948,6
16950,6
16952,6
16955,6
16958,6
16959,6
16964,6
16987,6
16995,6
16996,6
17023,6
17025,6
17026,6
17027,6
17034,6
17036,6
17037,6
17116,6
17119,6
17125,6
17126,6
17143,6
17147,6
17148,6
17175,6
17263,6
17337,6
17338,6
17345,6
17347,6
17348,6
17360,6
17371,6
17372,6
17373,6
17374,6
17385,6
17387,6
17388,6
17400,6
17402,6
17403,6
17404,6
17409,6
17410,6
17411,6
17422,6
17442,6
17450,6
17468,6
17476,6
17481,6
17482,6
17483,6
17491,6
17509,6
17539,6
17551,6
17558,6
17579,6
17585,6
17586,6
17595,6
17601,6
17613,6
17619,6
17622,6
17625,6
17654,6
17655,6
17656,6
17657,6
17680,6
17686,6
17691,6
17858,6
17861,6
17865,6
17867,6
18051,6
18054,6
18055,6
18065,6
18077,6
18078,6
18081,6
18089,6
18090,6
18091,6
18092,6
18103,6
18116,6
18118,6
18122,6
18236,6
18237,6
18314,6
18317,6
18320,6
18322,6
18324,6
18329,6
18345,6
18355,6
18356,6
18362,6
18363,6
18368,6
18372,6
18377,6
18379,6
18382,6
18389,6
18390,6
18391,6
18392,6
18401,6
18407,6
18411,6
18433,6
18449,6
18506,6
18523,6
18524,6
18525,6
18535,6
18541,6
18544,6
18549,6
18554,6
18557,6
18570,6
18571,6
18573,6
18580,6
18595,6
18600,6
18603,6
18604,6
18617,6
18637,6
18641,6
18642,6
18644,6
18674,6
18677,6
18685,6
18686,6
18749,6
18755,6
18756,6
18758,6
18759,6
18785,6
18788,6
18795,6
18811,6
18812,6
18821,6
18826,6
18839,6
18841,6
18842,6
18852,6
18855,6
18859,6
18871,6
18875,6
18882,6
18883,6
18884,6
18919,6
18922,6
18925,6
18926,6
18927,6
18944,6
18950,6
18951,6
18959,6
18961,6
18968,6
18971,6
18972,6
18978,6
18986,6
19000,6
19001,6
19014,6
19015,6
19026,6
19113,6
19116,6
19118,6
19123,6
19147,6
19150,6
19200,6
19205,6
19207,6
19217,6
19220,6
19223,6
19224,6
19232,6
19394,6
19399,6
19400,6
19411,6
19414,6
19525,6
19526,6
19527,6
19536,6
19541,6
19546,6
19553,6
19554,6
19640,6
19642,6
19645,6
19646,6
19647,6
19648,6
19661,6
19662,6
19681,6
19693,6
19704,6
19705,6
19709,6
19710,6
19726,6
19729,6
19746,6
19750,6
19751,6
19757,6
19781,6
19801,6
19802,6
19817,6
19822,6
19823,6
19826,6
19827,6
19828,6
19829,6
19830,6
19836,6
19839,6
19844,6
19847,6
19855,6
19862,6
19870,6
19872,6
19873,6
19874,6
19884,6
19987,6
19988,6
19989,6
19997,6
20000,6
20007,6
20021,6
20023,6
20034,6
20035,6
20070,6
20075,6
20082,6
20084,6
20085,6
20086,6
20087,6
20096,6
20103,6
20104,6
20106,6
20130,6
20182,6
20186,6
20188,6
20189,6
20202,6
20206,6
20208,6
20209,6
20273,6
20280,6
20299,6
20300,6
20312,6
20318,6
20330,6
20341,6
20350,6
20354,6
20373,6
20375,6
20380,6
20441,6
20468,6
20470,6
20478,6
20479,6
20483,6
20492,6
20498,6
20499,6
20500,6
20508,6
20517,6
20519,6
20528,6
20546,6
20547,6
20632,6
20651,6
20656,6
20665,6
20669,6
20670,6
20679,6
20680,6
20691,6
20694,6
20708,6
20734,6
20736,6
20740,6
20745,6
20746,6
20756,6
20760,6
20764,6
20771,6
20773,6
20781,6
20783,6
20792,6
21138,6
21148,6
21238,6
21251,6
21252,6
21263,6
21266,6
21272,6
21276,6
21277,6
21284,6
21295,6
21305,6
21306,6
21308,6
21311,6
21318,6
21331,6
21332,6
21336,6
21339,6
21345,6
21347,6
21348,6
21349,6
21352,6
21354,6
21364,6
21400,6
21412,6
21423,6
21431,6
21441,6
21446,6
21447,6
21450,6
21453,6
21461,6
21464,6
21471,6
21480,6
21489,6
21490,6
21494,6
21501,6
21577,6
21580,6
21581,6
21582,6
21589,6
21595,6
21613,6
21614,6
21618,6
21620,6
21621,6
21622,6
21629,6
21631,6
21642,6
21652,6
21655,6
21656,6
21658,6
21659,6
21690,6
21691,6
21702,6
21703,6
21710,6
21725,6
21726,6
21727,6
21732,6
21741,6
21742,6
21745,6
21752,6
21759,6
21764,6
21768,6
21777,6
21792,6
21796,6
21803,6
21813,6
21815,6
21904,6
21916,6
21921,6
21925,6
21939,6
22008,6
22014,6
22015,6
22019,6
22026,6
22027,6
22041,6
22050,6
22058,6
22059,6
22079,6
22080,6
22095,6
22097,6
22100,6
22107,6
22109,6
22112,6
22114,6
22117,6
22118,6
22120,6
22121,6
22128,6
22141,6
22143,6
22144,6
22154,6
22182,6
22217,6
22219,6
22230,6
22232,6
22233,6
22234,6
22247,6
22251,6
22252,6
22264,6
22265,6
22267,6
22268,6
22278,6
22285,6
22299,6
22332,6
22349,6
22353,6
22354,6
22359,6
22363,6
22366,6
22371,6
22373,6
22544,6
22545,6
22713,6
22714,6
22715,6
22728,6
22730,6
22732,6
22739,6
22748,6
22755,6
22765,6
22771,6
22772,6
22785,6
22877,6
22881,6
22882,6
22889,6
22893,6
22895,6
22901,6
22903,6
22969,6
22971,6
22975,6
22976,6
22983,6
22995,6
22996,6
22998,6
23009,6
23010,6
23022,6
23048,6
23057,6
23070,6
23074,6
23083,6
23084,6
23113,6
23114,6
23134,6
23137,6
23164,6
23172,6
23196,6
23208,6
23209,6
23244,6
23245,6
23253,6
23255,6
23267,6
23279,6
23281,6
23283,6
23284,6
23290,6
23306,6
23350,6
23351,6
23362,6
23363,6
23368,6
23376,6
23378,6
23385,6
23396,6
23397,6
23401,6
23449,6
23455,6
23458,6
23459,6
23476,6
23485,6
23486,6
23487,6
23488,6
23494,6
23498,6
23503,6
23511,6
23513,6
23518,6
23548,6
23551,6
23552,6
23553,6
23554,6
23557,6
23559,6
23566,6
23567,6
23583,6
23591,6
23592,6
23673,6
23676,6
23679,6
23681,6
23682,6
23716,6
23719,6
23725,6
23730,6
23731,6
23783,6
23798,6
23803,6
23806,6
23819,6
23827,6
23829,6
23830,6
23842,6
23846,6
23858,6
23859,6
23865,6
23866,6
23867,6
23868,6
23879,6
23892,6
23893,6
24220,6
24235,6
24255,6
24256,6
24258,6
24284,6
24309,6
24310,6
24322,6
24332,6
24342,6
24344,6
24386,6
24392,6
24399,6
24415,6
24418,6
24431,6
24487,6
24488,6
24489,6
24491,6
24493,6
24496,6
24501,6
24525,6
24621,6
24625,6
24627,6
24630,6
24637,6
24639,6
24646,6
24647,6
24649,6
24659,6
24661,6
24663,6
24664,6
24665,6
24666,6
24671,6
24682,6
24729,6
24730,6
24731,6
24733,6
24744,6
24746,6
24748,6
24755,6
24757,6
24759,6
24763,6
24771,6
24773,6
24778,6
24781,6
24786,6
24805,6
24816,6
24817,6
24824,6
24825,6
24832,6
24939,6
24947,6
24960,6
24967,6
24975,6
24976,6
24977,6
24986,6
24995,6
25002,6
25016,6
25046,6
25048,6
25061,6
25062,6
25066,6
25070,6
25090,6
25093,6
25094,6
25095,6
25100,6
25101,6
25104,6
25147,6
25157,6
25173,6
25177,6
25188,6
25196,6
25209,6
25256,6
25265,6
25287,6
25288,6
25327,6
25328,6
25331,6
25332,6
25335,6
25340,6
25347,6
25349,6
25361,6
25363,6
25367,6
25371,6
25393,6
25408,6
25433,6
25437,6
25620,6
25621,6
25845,6
25850,6
25864,6
25873,6
25875,6
25883,6
25884,6
25885,6
25892,6
25911,6
25925,6
25971,6
25981,6
25989,6
25991,6
25992,6
25995,6
25999,6
26013,6
26040,6
26049,6
26051,6
26069,6
26073,6
26074,6
26076,6
26077,6
26085,6
26095,6
26099,6
26100,6
26113,6
26115,6
26173,6
26176,6
26177,6
26180,6
26185,6
26200,6
26202,6
26235,6
26242,6
26269,6
26270,6
26279,6
26294,6
26310,6
26316,6
26318,6
26321,6
26348,6
26350,6
26373,6
26377,6
26449,6
26456,6
26461,6
26474,6
26482,6
26488,6
26495,6
26496,6
26503,6
26504,6
26505,6
26512,6
26527,6
26529,6
26533,6
26572,6
26582,6
26615,6
26620,6
26629,6
26630,6
26640,6
26643,6
26678,6
26682,6
26683,6
26686,6
26692,6
26693,6
26699,6
26700,6
26701,6
26706,6
26716,6
26730,6
26782,6
26789,6
26802,6
26806,6
26810,6
27014,6
27019,6
27022,6
27024,6
27026,6
27027,6
27028,6
27042,6
27043,6
27049,6
27053,6
27060,6
27061,6
27062,6
27071,6
27075,6
27082,6
27084,6
27085,6
27099,6
27100,6
27101,6
27102,6
27110,6
27111,6
27112,6
27191,6
27196,6
27208,6
27215,6
27230,6
27242,6
27243,6
27252,6
27253,6
27259,6
27265,6
27267,6
27270,6
27282,6
27283,6
27285,6
27297,6
27298,6
27300,6
27377,6
27378,6
27380,6
27384,6
27393,6
27400,6
27401,6
27402,6
27403,6
27404,6
27406,6
27413,6
27414,6
27415,6
27419,6
27420,6
27428,6
27429,6
27436,6
27437,6
27441,6
27451,6
27454,6
27502,6
27522,6
27536,6
27545,6
27550,6
27557,6
27560,6
27562,6
27602,6
27607,6
27613,6
27628,6
27632,6
27633,6
27634,6
27643,6
27653,6
27656,6
27672,6
27724,6
27725,6
27731,6
27734,6
27738,6
27739,6
27752,6
27756,6
27757,6
27758,6
27921,6
27998,6
28000,6
28013,6
28021,6
28025,6
28027,6
28034,6
28035,6
28036,6
28045,6
28046,6
28051,6
28069,6
28072,6
28073,6
28074,6
28079,6
28080,6
28092,6
28101,6
28121,6
28129,6
28130,6
28141,6
28153,6
28157,6
28160,6
28161,6
28165,6
28169,6
28173,6
28176,6
28177,6
28178,6
28189,6
28195,6
28197,6
28198,6
28239,6
28245,6
28248,6
28254,6
28260,6
28261,6
28272,6
28283,6
28284,6
28290,6
28292,6
28302,6
28332,6
28341,6
28342,6
28346,6
28354,6
28357,6
28359,6
28363,6
28574,6
28575,6
28581,6
28589,6
28600,6
28602,6
28608,6
28620,6
28624,6
28626,6
28630,6
28631,6
28640,6
28646,6
28647,6
28648,6
28652,6
28656,6
28659,6
28663,6
28668,6
28669,6
28766,6
28767,6
28771,6
28778,6
28779,6
28798,6
28802,6
28817,6
28818,6
28819,6
28832,6
28834,6
28836,6
28837,6
28848,6
28850,6
28964,6
28976,6
28986,6
28992,6
28996,6
29001,6
29005,6
29012,6
29013,6
29021,6
29027,6
29037,6
29041,6
29042,6
29043,6
29047,6
29071,6
29072,6
29104,6
29124,6
29130,6
29135,6
29137,6
29149,6
29152,6
29154,6
29159,6
29165,6
29176,6
29197,6
29209,6
29213,6
29214,6
29229,6
29230,6
29231,6
29240,6
29247,6
29256,6
29259,6
29266,6
29267,6
29277,6
29281,6
29282,6
29323,6
29336,6
29339,6
29340,6
29341,6
29351,6
29494,6
29499,6
29503,6
29510,6
29515,6
29527,6
29530,6
29539,6
29541,6
29544,6
29548,6
29557,6
29558,6
29567,6
29576,6
29577,6
29596,6
29601,6
29603,6
29608,6
29614,6
29620,6
29625,6
29627,6
29629,6
29639,6
29649,6
29666,6
29671,6
29677,6
29680,6
29692,6
29698,6
29699,6
29705,6
29711,6
29714,6
29722,6
29730,6
29734,6
29740,6
29750,6
29755,6
29761,6
29766,6
29770,6
29780,6
29785,6
29789,6
29794,6
29797,6
29803,6
29807,6
29813,6
29822,6
29824,6
29830,6
29831,6
29832,6
29840,6
29852,6
29855,6
29863,6
29864,6
29870,6
29876,6
29879,6
29881,6
29892,6
29895,6
29900,6
29905,6
29910,6
29911,6
29918,6
29928,6
29934,6
29939,6
29946,6
29950,6
29959,6
29964,6
29969,6
29971,6
29983,6
29988,6
29994,6
30000,6
30007,6
30010,6
30016,6
30021,6
30029,6
30037,6
30042,6
30048,6
30053,6
30058,6
30067,6
30074,6
30083,6
30087,6
30093,6
30098,6
30108,6
30115,6
11241,7
11242,7
11248,7
11336,7
11339,7
11340,7
11342,7
11345,7
11346,7
11352,7
11378,7
11379,7
11382,7
11383,7
11384,7
11390,7
11393,7
11397,7
11399,7
11401,7
11402,7
11403,7
11406,7
11409,7
11410,7
11416,7
11417,7
11420,7
11425,7
11429,7
11432,7
11433,7
11437,7
11439,7
11440,7
11441,7
11442,7
11471,7
11473,7
11478,7
11479,7
11480,7
11483,7
11487,7
11490,7
11543,7
11545,7
11546,7
11547,7
11551,7
11554,7
11566,7
11571,7
11572,7
11576,7
11577,7
11578,7
11581,7
11582,7
11583,7
11587,7
11588,7
11590,7
11591,7
11592,7
11593,7
11594,7
11597,7
11599,7
11600,7
11601,7
11606,7
11607,7
11608,7
11611,7
12124,7
12127,7
12131,7
12132,7
12211,7
12212,7
12217,7
12219,7
12220,7
12221,7
12234,7
12254,7
12255,7
12256,7
12261,7
12265,7
12267,7
12269,7
12274,7
12279,7
12280,7
12285,7
12290,7
12295,7
12296,7
12300,7
12301,7
12307,7
12308,7
12312,7
12313,7
12321,7
12322,7
12323,7
12331,7
12332,7
12333,7
12368,7
12373,7
12374,7
12375,7
12383,7
12387,7
12389,7
12393,7
12395,7
12398,7
12464,7
12466,7
12467,7
12468,7
12472,7
12474,7
12477,7
12480,7
12482,7
12483,7
12485,7
12488,7
12489,7
12490,7
12494,7
12509,7
12510,7
12511,7
12514,7
12515,7
12520,7
12522,7
12523,7
12524,7
12534,7
12537,7
12539,7
12541,7
12542,7
12543,7
12547,7
12549,7
12552,7
12553,7
12555,7
12557,7
12561,7
12562,7
12565,7
12606,7
12607,7
12613,7
12614,7
12618,7
12620,7
12621,7
12625,7
12628,7
12631,7
12632,7
12635,7
12639,7
12641,7
12642,7
12649,7
12650,7
12651,7
12655,7
12656,7
12659,7
12660,7
12661,7
12662,7
12663,7
12711,7
12716,7
12717,7
12718,7
12719,7
12720,7
12723,7
12727,7
12732,7
12734,7
12737,7
12748,7
12749,7
12750,7
12752,7
12753,7
12754,7
12798,7
12804,7
12805,7
12812,7
12817,7
12818,7
12819,7
12820,7
12821,7
12823,7
12824,7
12830,7
12834,7
12841,7
12842,7
12843,7
12849,7
12851,7
12862,7
12866,7
12868,7
12869,7
13263,7
13405,7
13409,7
13496,7
13498,7
13499,7
13504,7
13506,7
13508,7
13510,7
13511,7
13512,7
13531,7
13536,7
13537,7
13549,7
13550,7
13552,7
13555,7
13556,7
13558,7
13564,7
13565,7
13568,7
13571,7
13573,7
13575,7
13577,7
13578,7
13589,7
13592,7
13595,7
13596,7
13605,7
13610,7
13611,7
13662,7
13667,7
13672,7
13673,7
13674,7
13681,7
13695,7
13764,7
13766,7
13768,7
13769,7
13773,7
13779,7
13780,7
13781,7
13793,7
13799,7
13800,7
13801,7
13802,7
13806,7
13811,7
13812,7
13813,7
13817,7
13818,7
13819,7
13823,7
13825,7
13831,7
13832,7
13833,7
13834,7
13835,7
13839,7
13840,7
13843,7
14135,7
14136,7
14141,7
14144,7
14145,7
14151,7
14152,7
14154,7
14166,7
14168,7
14169,7
14170,7
14173,7
14176,7
14177,7
14178,7
14185,7
14186,7
14188,7
14192,7
14200,7
14201,7
14203,7
14204,7
14205,7
14424,7
14524,7
14532,7
14534,7
14536,7
14538,7
14539,7
14544,7
14548,7
14550,7
14555,7
14556,7
14687,7
14689,7
14691,7
14693,7
14701,7
14704,7
14708,7
14714,7
14716,7
14717,7
14719,7
14766,7
14773,7
14779,7
14780,7
14785,7
14788,7
14790,7
14791,7
14796,7
14798,7
14802,7
14807,7
14810,7
14813,7
14818,7
14826,7
14829,7
14845,7
14848,7
14850,7
14851,7
14923,7
14924,7
14925,7
14926,7
14930,7
14931,7
14932,7
14936,7
14942,7
14944,7
14946,7
14948,7
14954,7
14957,7
14959,7
14960,7
14965,7
14966,7
14971,7
14976,7
14977,7
14985,7
14987,7
14989,7
14994,7
14995,7
14998,7
15002,7
15003,7
15004,7
15045,7
15053,7
15060,7
15061,7
15064,7
15066,7
15067,7
15070,7
15071,7
15072,7
15079,7
15082,7
15085,7
15086,7
15093,7
15094,7
15095,7
15098,7
15099,7
15104,7
15107,7
15109,7
15111,7
15112,7
15115,7
15355,7
15442,7
15445,7
15446,7
15447,7
15450,7
15451,7
15452,7
15455,7
15462,7
15463,7
15609,7
15611,7
15613,7
15616,7
15617,7
15623,7
15624,7
15637,7
15650,7
15651,7
15654,7
15658,7
15663,7
15665,7
15666,7
15670,7
15673,7
15676,7
15677,7
15678,7
15679,7
15687,7
15688,7
15696,7
15700,7
15706,7
15709,7
15710,7
15714,7
15920,7
15921,7
15923,7
15924,7
15925,7
15930,7
15931,7
16040,7
16041,7
16042,7
16051,7
16052,7
16056,7
16186,7
16194,7
16195,7
16202,7
16203,7
16204,7
16205,7
16209,7
16254,7
16255,7
16257,7
16258,7
16259,7
16261,7
16262,7
16265,7
16266,7
16268,7
16273,7
16281,7
16283,7
16285,7
16286,7
16288,7
16289,7
16291,7
16295,7
16296,7
16301,7
16302,7
16310,7
16312,7
16315,7
16319,7
16320,7
16322,7
16323,7
16330,7
16388,7
16391,7
16392,7
16393,7
16394,7
16395,7
16398,7
16400,7
16403,7
16404,7
16408,7
16412,7
16415,7
16416,7
16418,7
16421,7
16423,7
16424,7
16425,7
16426,7
16430,7
16431,7
16432,7
16433,7
16436,7
16438,7
16439,7
16440,7
16450,7
16455,7
16468,7
16469,7
16471,7
16472,7
16476,7
16507,7
16508,7
16510,7
16513,7
16532,7
16533,7
16535,7
16536,7
16544,7
16545,7
16547,7
16548,7
16551,7
16555,7
16557,7
16559,7
16560,7
16566,7
16569,7
16570,7
16576,7
16577,7
16580,7
16581,7
16586,7
16592,7
16596,7
16600,7
16936,7
16937,7
16942,7
17080,7
17081,7
17084,7
17088,7
17095,7
17099,7
17106,7
17108,7
17109,7
17187,7
17188,7
17195,7
17196,7
17206,7
17211,7
17212,7
17216,7
17219,7
17222,7
17223,7
17633,7
17634,7
17638,7
17641,7
17643,7
17646,7
17647,7
17648,7
17651,7
17653,7
17703,7
17711,7
17712,7
17713,7
17714,7
17716,7
17719,7
17721,7
17737,7
17739,7
17740,7
17748,7
17749,7
17751,7
17752,7
17754,7
17756,7
17759,7
17766,7
17767,7
17770,7
17771,7
17773,7
17775,7
17778,7
17779,7
17780,7
17787,7
17800,7
17801,7
17805,7
17809,7
17816,7
17822,7
17823,7
17826,7
17827,7
17830,7
17831,7
17834,7
17836,7
17842,7
17843,7
17846,7
17850,7
17874,7
17878,7
17883,7
17885,7
17891,7
17894,7
17897,7
17899,7
17900,7
17930,7
17931,7
17932,7
17938,7
17939,7
17944,7
17949,7
17950,7
17953,7
17954,7
17956,7
17957,7
17971,7
17973,7
17975,7
17982,7
17987,7
17988,7
17996,7
17997,7
17999,7
18004,7
18008,7
18009,7
18010,7
18011,7
18014,7
18015,7
18016,7
18018,7
18025,7
18032,7
18038,7
18039,7
18040,7
18043,7
18046,7
18128,7
18129,7
18131,7
18132,7
18137,7
18138,7
18142,7
18143,7
18144,7
18148,7
18150,7
18151,7
18152,7
18159,7
18161,7
18162,7
18163,7
18174,7
18175,7
18179,7
18184,7
18618,7
18623,7
18624,7
18628,7
18630,7
18634,7
19027,7
19028,7
19033,7
19039,7
19041,7
19045,7
19051,7
19052,7
19056,7
19061,7
19062,7
19063,7
19069,7
19074,7
19075,7
19076,7
19078,7
19079,7
19080,7
19174,7
19179,7
19180,7
19181,7
19182,7
19183,7
19185,7
19189,7
19194,7
19252,7
19255,7
19256,7
19272,7
19273,7
19275,7
19276,7
19277,7
19280,7
19281,7
19282,7
19287,7
19292,7
19293,7
19295,7
19296,7
19297,7
19303,7
19306,7
19309,7
19310,7
19313,7
19315,7
19317,7
19318,7
19319,7
19320,7
19323,7
19324,7
19326,7
19327,7
19335,7
19336,7
19338,7
19343,7
19351,7
19352,7
19358,7
19363,7
19366,7
19367,7
19370,7
19372,7
19374,7
19376,7
19380,7
19381,7
19386,7
19390,7
19419,7
19421,7
19423,7
19426,7
19427,7
19431,7
19434,7
19436,7
19441,7
19442,7
19444,7
19446,7
19447,7
19452,7
19458,7
19460,7
19462,7
19463,7
19464,7
19465,7
19468,7
19469,7
19473,7
19474,7
19475,7
19480,7
19481,7
19484,7
19485,7
19487,7
19488,7
19489,7
19490,7
19491,7
19492,7
19494,7
19495,7
19503,7
19504,7
19507,7
19508,7
19515,7
19516,7
19517,7
19519,7
19521,7
19524,7
19899,7
19902,7
19903,7
19907,7
19908,7
19913,7
19914,7
19920,7
19922,7
19923,7
19929,7
19932,7
19943,7
19945,7
20041,7
20044,7
20045,7
20046,7
20047,7
20050,7
20057,7
20059,7
20061,7
20063,7
20131,7
20141,7
20142,7
20145,7
20146,7
20148,7
20161,7
20175,7
20177,7
20178,7
20553,7
20559,7
20568,7
20573,7
20578,7
20579,7
20580,7
20581,7
20582,7
20586,7
20587,7
20589,7
20593,7
20594,7
20595,7
20597,7
20728,7
20793,7
20794,7
20795,7
20796,7
20797,7
20802,7
20803,7
20810,7
20826,7
20827,7
20840,7
20844,7
20846,7
20853,7
20855,7
20857,7
20858,7
20867,7
20877,7
20878,7
20882,7
20883,7
20884,7
20887,7
20888,7
20891,7
20894,7
20895,7
20897,7
20899,7
20901,7
20905,7
20910,7
20911,7
20915,7
20918,7
20919,7
20920,7
20925,7
20926,7
20932,7
20934,7
20935,7
20936,7
20940,7
20941,7
20942,7
20944,7
20948,7
20953,7
20954,7
20955,7
20956,7
20957,7
20959,7
20960,7
20961,7
20962,7
20964,7
20966,7
20969,7
20971,7
20974,7
20976,7
20977,7
21003,7
21004,7
21005,7
21013,7
21014,7
21017,7
21019,7
21021,7
21022,7
21024,7
21030,7
21031,7
21033,7
21038,7
21041,7
21045,7
21048,7
21050,7
21054,7
21058,7
21059,7
21061,7
21062,7
21063,7
21064,7
21070,7
21072,7
21077,7
21078,7
21080,7
21081,7
21084,7
21088,7
21089,7
21090,7
21094,7
21095,7
21098,7
21099,7
21112,7
21113,7
21117,7
21119,7
21121,7
21122,7
21123,7
21125,7
21126,7
21127,7
21132,7
21133,7
21505,7
21513,7
21518,7
21521,7
21522,7
21527,7
21529,7
21530,7
21531,7
21535,7
21538,7
21539,7
21542,7
21543,7
21662,7
21664,7
21665,7
21670,7
21671,7
21673,7
21675,7
21676,7
21677,7
21684,7
21737,7
21818,7
21819,7
21820,7
21831,7
21832,7
21845,7
21849,7
21850,7
21859,7
21860,7
21861,7
21862,7
21866,7
21867,7
21911,7
21912,7
21913,7
22303,7
22306,7
22312,7
22314,7
22316,7
22319,7
22322,7
22323,7
22324,7
22377,7
22378,7
22379,7
22392,7
22394,7
22395,7
22397,7
22413,7
22417,7
22419,7
22420,7
22423,7
22424,7
22425,7
22426,7
22430,7
22431,7
22435,7
22438,7
22440,7
22443,7
22445,7
22448,7
22449,7
22458,7
22463,7
22464,7
22465,7
22466,7
22471,7
22472,7
22480,7
22483,7
22484,7
22485,7
22487,7
22489,7
22490,7
22495,7
22498,7
22499,7
22500,7
22501,7
22511,7
22512,7
22513,7
22515,7
22524,7
22527,7
22529,7
22531,7
22534,7
22538,7
22542,7
22552,7
22555,7
22556,7
22561,7
22562,7
22567,7
22584,7
22593,7
22595,7
22601,7
22603,7
22612,7
22624,7
22625,7
22626,7
22632,7
22641,7
22645,7
22647,7
22648,7
22649,7
22651,7
22654,7
22658,7
22661,7
22663,7
22664,7
22673,7
22675,7
22676,7
22681,7
22682,7
22683,7
22689,7
22690,7
22691,7
22692,7
22693,7
22696,7
22697,7
22698,7
22702,7
22703,7
22704,7
22708,7
22709,7
22712,7
22795,7
22796,7
22800,7
22814,7
22820,7
22824,7
22827,7
22829,7
22831,7
22832,7
22833,7
22868,7
22870,7
23222,7
23227,7
23231,7
23440,7
23441,7
23443,7
23444,7
23445,7
23595,7
23596,7
23600,7
23603,7
23609,7
23610,7
23611,7
23621,7
23623,7
23626,7
23631,7
23637,7
23744,7
23745,7
23746,7
23748,7
23749,7
23754,7
23756,7
23758,7
23761,7
23763,7
23771,7
23773,7
23778,7
23780,7
23899,7
23901,7
23908,7
23909,7
23911,7
23913,7
23918,7
23919,7
23920,7
23927,7
23928,7
23929,7
23931,7
23932,7
23934,7
23936,7
23939,7
23949,7
23950,7
23951,7
23955,7
23958,7
23962,7
23963,7
23964,7
23969,7
23970,7
23972,7
23973,7
23974,7
23977,7
23980,7
23981,7
23990,7
23991,7
24010,7
24012,7
24013,7
24016,7
24021,7
24022,7
24023,7
24028,7
24029,7
24032,7
24037,7
24038,7
24039,7
24043,7
24056,7
24057,7
24061,7
24062,7
24063,7
24070,7
24075,7
24076,7
24081,7
24082,7
24083,7
24084,7
24089,7
24090,7
24095,7
24096,7
24105,7
24106,7
24109,7
24110,7
24111,7
24113,7
24116,7
24118,7
24119,7
24122,7
24123,7
24124,7
24125,7
24126,7
24131,7
24133,7
24134,7
24135,7
24136,7
24140,7
24141,7
24142,7
24146,7
24149,7
24153,7
24157,7
24158,7
24183,7
24185,7
24190,7
24194,7
24195,7
24196,7
24198,7
24201,7
24203,7
24208,7
24209,7
24219,7
24383,7
24384,7
24535,7
24538,7
24539,7
24542,7
24543,7
24551,7
24552,7
24556,7
24559,7
24560,7
24567,7
24570,7
24571,7
24578,7
24693,7
24695,7
24700,7
24701,7
24707,7
24708,7
24709,7
24713,7
24715,7
24724,7
24833,7
24836,7
24841,7
24842,7
24844,7
24845,7
24849,7
24861,7
24862,7
24863,7
24866,7
24871,7
24872,7
24874,7
24877,7
24878,7
24882,7
25142,7
25143,7
25296,7
25299,7
25311,7
25314,7
25316,7
25319,7
25320,7
25321,7
25326,7
25442,7
25452,7
25456,7
25457,7
25458,7
25461,7
25463,7
25464,7
25466,7
25469,7
25471,7
25473,7
25475,7
25476,7
25478,7
25479,7
25483,7
25484,7
25485,7
25490,7
25491,7
25494,7
25495,7
25496,7
25503,7
25507,7
25513,7
25514,7
25515,7
25517,7
25518,7
25519,7
25520,7
25527,7
25532,7
25534,7
25535,7
25538,7
25539,7
25540,7
25542,7
25549,7
25554,7
25569,7
25570,7
25574,7
25579,7
25580,7
25586,7
25588,7
25593,7
25594,7
25600,7
25606,7
25607,7
25613,7
25614,7
25617,7
25619,7
25630,7
25634,7
25638,7
25639,7
25643,7
25644,7
25648,7
25649,7
25652,7
25654,7
25660,7
25661,7
25662,7
25663,7
25665,7
25666,7
25670,7
25672,7
25673,7
25677,7
25679,7
25683,7
25688,7
25693,7
25694,7
25695,7
25696,7
25697,7
25698,7
25700,7
25722,7
25723,7
25733,7
25740,7
25743,7
25749,7
25752,7
25759,7
25770,7
25777,7
25786,7
25787,7
25789,7
25790,7
25791,7
25797,7
25806,7
25807,7
25808,7
26213,7
26224,7
26225,7
26231,7
26355,7
26357,7
26365,7
26367,7
26368,7
26369,7
26371,7
26380,7
26383,7
26384,7
26388,7
26389,7
26391,7
26394,7
26402,7
26405,7
26406,7
26410,7
26412,7
26413,7
26418,7
26816,7
26827,7
26828,7
26835,7
26838,7
26839,7
26840,7
26841,7
26853,7
26854,7
26855,7
26856,7
26859,7
26861,7
26871,7
26881,7
26882,7
26883,7
26898,7
26902,7
26903,7
26904,7
26907,7
26908,7
26909,7
26925,7
26926,7
26927,7
26935,7
26939,7
26941,7
26943,7
26945,7
26950,7
26952,7
26953,7
26958,7
26964,7
26965,7
26972,7
26975,7
26976,7
26982,7
26994,7
26995,7
27005,7
27006,7
27118,7
27122,7
27123,7
27124,7
27126,7
27128,7
27133,7
27134,7
27135,7
27138,7
27142,7
27143,7
27153,7
27155,7
27159,7
27163,7
27166,7
27167,7
27170,7
27181,7
27182,7
27302,7
27303,7
27304,7
27306,7
27311,7
27313,7
27318,7
27322,7
27323,7
27324,7
27326,7
27328,7
27329,7
27332,7
27334,7
27335,7
27760,7
27763,7
27764,7
27768,7
27769,7
27771,7
27772,7
27773,7
27776,7
27779,7
27780,7
27784,7
27793,7
27795,7
27796,7
27803,7
27805,7
27807,7
27808,7
27812,7
27816,7
27824,7
27829,7
27834,7
27835,7
27836,7
27840,7
27844,7
27845,7
27846,7
27849,7
27850,7
27851,7
27853,7
27854,7
27857,7
27881,7
27886,7
27887,7
27888,7
27889,7
27893,7
27895,7
27898,7
27899,7
27903,7
27926,7
27933,7
27934,7
27935,7
27936,7
27942,7
27950,7
27951,7
27954,7
27961,7
27962,7
27966,7
28364,7
28368,7
28373,7
28378,7
28379,7
28380,7
28384,7
28385,7
28389,7
28390,7
28391,7
28393,7
28394,7
28395,7
28398,7
28401,7
28402,7
28406,7
28407,7
28412,7
28414,7
28418,7
28419,7
28420,7
28422,7
28429,7
28431,7
28433,7
28440,7
28441,7
28442,7
28443,7
28444,7
28447,7
28449,7
28452,7
28456,7
28457,7
28458,7
28460,7
28462,7
28464,7
28466,7
28470,7
28471,7
28475,7
28476,7
28478,7
28491,7
28492,7
28495,7
28496,7
28498,7
28504,7
28506,7
28510,7
28512,7
28514,7
28519,7
28520,7
28529,7
28532,7
28539,7
28540,7
28541,7
28542,7
28545,7
28546,7
28547,7
28550,7
28551,7
28553,7
28559,7
28560,7
28562,7
28567,7
28569,7
28683,7
28685,7
28689,7
28690,7
28707,7
28708,7
28711,7
28713,7
28722,7
28724,7
28725,7
28727,7
28728,7
28736,7
28737,7
28739,7
28740,7
28743,7
28749,7
28750,7
28751,7
28756,7
28757,7
28758,7
28875,7
28881,7
28882,7
28885,7
28886,7
28888,7
28893,7
28894,7
28897,7
28904,7
28905,7
28906,7
28909,7
28910,7
28911,7
28912,7
28915,7
28917,7
28919,7
29361,7
29364,7
29372,7
29378,7
29379,7
29380,7
29387,7
29388,7
29389,7
29390,7
29393,7
29395,7
29397,7
29402,7
29404,7
29405,7
29408,7
29412,7
29413,7
29414,7
29415,7
29419,7
29420,7
29421,7
29422,7
29423,7
29426,7
29427,7
29429,7
29437,7
29445,7
29447,7
29450,7
29451,7
29470,7
29471,7
29472,7
29479,7
29482,7
29483,7
29564,7
29575,7
29613,7
29630,7
29712,7
29735,7
29777,7
29779,7
29786,7
29795,7
29856,7
29869,7
29875,7
29899,7
29909,7
29923,7
29927,7
29933,7
29940,7
29951,7
29977,7
29979,7
29984,7
29986,7
29989,7
30006,7
30020,7
30026,7
30043,7
30049,7
30073,7
30101,7
30103,7
30114,7
11237,8
11245,8
11246,8
11249,8
11332,8
11335,8
11338,8
11347,8
11348,8
11349,8
11354,8
11373,8
11374,8
11377,8
11380,8
11386,8
11389,8
11391,8
11392,8
11395,8
11396,8
11404,8
11405,8
11407,8
11411,8
11412,8
11415,8
11418,8
11421,8
11423,8
11424,8
11426,8
11427,8
11428,8
11430,8
11431,8
11435,8
11438,8
11470,8
11477,8
11481,8
11484,8
11486,8
11492,8
11495,8
11544,8
11552,8
11559,8
11561,8
11562,8
11564,8
11567,8
11570,8
11584,8
11595,8
11598,8
11602,8
11605,8
11613,8
11614,8
12125,8
12128,8
12129,8
12130,8
12213,8
12218,8
12223,8
12225,8
12226,8
12228,8
12229,8
12230,8
12231,8
12232,8
12236,8
12237,8
12238,8
12257,8
12258,8
12266,8
12268,8
12270,8
12273,8
12275,8
12276,8
12278,8
12291,8
12297,8
12298,8
12302,8
12306,8
12314,8
12319,8
12324,8
12327,8
12330,8
12377,8
12378,8
12379,8
12384,8
12386,8
12388,8
12390,8
12396,8
12397,8
12399,8
12400,8
12401,8
12406,8
12407,8
12408,8
12458,8
12461,8
12462,8
12469,8
12470,8
12471,8
12475,8
12478,8
12479,8
12481,8
12484,8
12487,8
12493,8
12495,8
12497,8
12498,8
12499,8
12500,8
12501,8
12507,8
12512,8
12516,8
12517,8
12518,8
12521,8
12535,8
12536,8
12538,8
12544,8
12546,8
12548,8
12556,8
12558,8
12591,8
12600,8
12604,8
12605,8
12616,8
12617,8
12624,8
12629,8
12636,8
12638,8
12643,8
12646,8
12657,8
12712,8
12713,8
12714,8
12721,8
12722,8
12724,8
12725,8
12726,8
12728,8
12731,8
12735,8
12736,8
12738,8
12741,8
12742,8
12747,8
12751,8
12799,8
12800,8
12801,8
12802,8
12806,8
12807,8
12809,8
12810,8
12811,8
12813,8
12814,8
12815,8
12816,8
12822,8
12825,8
12826,8
12827,8
12828,8
12829,8
12831,8
12832,8
12833,8
12835,8
12837,8
12838,8
12844,8
12845,8
12846,8
12850,8
12852,8
12858,8
12863,8
12867,8
12870,8
12872,8
13255,8
13256,8
13257,8
13258,8
13259,8
13260,8
13261,8
13264,8
13265,8
13406,8
13410,8
13494,8
13497,8
13500,8
13501,8
13502,8
13513,8
13514,8
13515,8
13532,8
13538,8
13540,8
13541,8
13542,8
13543,8
13545,8
13546,8
13548,8
13559,8
13560,8
13566,8
13567,8
13569,8
13570,8
13572,8
13574,8
13579,8
13580,8
13587,8
13588,8
13593,8
13594,8
13597,8
13598,8
13601,8
13606,8
13607,8
13608,8
13663,8
13666,8
13671,8
13677,8
13682,8
13683,8
13684,8
13685,8
13686,8
13696,8
13697,8
13698,8
13767,8
13770,8
13771,8
13774,8
13775,8
13778,8
13782,8
13786,8
13787,8
13789,8
13790,8
13795,8
13796,8
13797,8
13803,8
13807,8
13808,8
13822,8
13824,8
13826,8
13827,8
13828,8
13829,8
13836,8
13837,8
13842,8
13844,8
14137,8
14138,8
14139,8
14140,8
14142,8
14147,8
14148,8
14149,8
14153,8
14160,8
14161,8
14162,8
14163,8
14164,8
14167,8
14171,8
14174,8
14179,8
14180,8
14181,8
14182,8
14187,8
14189,8
14190,8
14193,8
14197,8
14198,8
14202,8
14206,8
14207,8
14422,8
14425,8
14426,8
14428,8
14526,8
14527,8
14528,8
14537,8
14541,8
14543,8
14549,8
14551,8
14688,8
14690,8
14695,8
14696,8
14698,8
14699,8
14703,8
14707,8
14709,8
14710,8
14711,8
14713,8
14715,8
14718,8
14767,8
14768,8
14769,8
14772,8
14774,8
14775,8
14781,8
14782,8
14786,8
14789,8
14795,8
14797,8
14800,8
14801,8
14803,8
14805,8
14811,8
14819,8
14822,8
14823,8
14824,8
14825,8
14827,8
14828,8
14830,8
14834,8
14835,8
14837,8
14838,8
14841,8
14842,8
14844,8
14849,8
14866,8
14927,8
14933,8
14935,8
14939,8
14940,8
14943,8
14945,8
14951,8
14952,8
14956,8
14961,8
14962,8
14967,8
14969,8
14972,8
14973,8
14978,8
14979,8
14980,8
14990,8
14996,8
14997,8
15000,8
15001,8
15049,8
15050,8
15054,8
15055,8
15063,8
15065,8
15068,8
15069,8
15073,8
15074,8
15076,8
15080,8
15084,8
15090,8
15091,8
15092,8
15096,8
15100,8
15101,8
15105,8
15110,8
15113,8
15114,8
15116,8
15117,8
15352,8
15356,8
15357,8
15443,8
15454,8
15456,8
15457,8
15458,8
15459,8
15460,8
15608,8
15618,8
15622,8
15625,8
15626,8
15627,8
15628,8
15629,8
15633,8
15636,8
15649,8
15655,8
15656,8
15659,8
15664,8
15667,8
15672,8
15674,8
15675,8
15680,8
15682,8
15683,8
15684,8
15685,8
15689,8
15693,8
15697,8
15698,8
15703,8
15704,8
15705,8
15707,8
15708,8
15926,8
15927,8
15928,8
15932,8
16034,8
16037,8
16039,8
16044,8
16047,8
16048,8
16049,8
16055,8
16057,8
16059,8
16196,8
16197,8
16199,8
16206,8
16207,8
16208,8
16252,8
16253,8
16263,8
16267,8
16269,8
16270,8
16271,8
16274,8
16276,8
16278,8
16279,8
16280,8
16284,8
16290,8
16292,8
16297,8
16298,8
16299,8
16303,8
16304,8
16305,8
16307,8
16309,8
16313,8
16316,8
16326,8
16327,8
16389,8
16390,8
16396,8
16397,8
16399,8
16409,8
16411,8
16413,8
16414,8
16419,8
16422,8
16429,8
16434,8
16441,8
16442,8
16448,8
16451,8
16456,8
16457,8
16458,8
16462,8
16463,8
16466,8
16473,8
16474,8
16475,8
16534,8
16537,8
16538,8
16539,8
16540,8
16549,8
16552,8
16556,8
16558,8
16565,8
16567,8
16568,8
16572,8
16578,8
16582,8
16583,8
16587,8
16597,8
16603,8
16604,8
16821,8
16824,8
16825,8
16826,8
16830,8
16939,8
16940,8
16941,8
16943,8
16944,8
17082,8
17083,8
17086,8
17089,8
17090,8
17091,8
17092,8
17093,8
17096,8
17100,8
17102,8
17103,8
17104,8
17107,8
17111,8
17113,8
17114,8
17181,8
17183,8
17184,8
17189,8
17190,8
17191,8
17194,8
17197,8
17198,8
17199,8
17200,8
17201,8
17208,8
17209,8
17210,8
17215,8
17217,8
17220,8
17221,8
17224,8
17629,8
17630,8
17631,8
17635,8
17636,8
17637,8
17640,8
17652,8
17704,8
17707,8
17718,8
17722,8
17738,8
17741,8
17742,8
17745,8
17746,8
17758,8
17761,8
17762,8
17764,8
17765,8
17768,8
17769,8
17774,8
17777,8
17781,8
17783,8
17784,8
17788,8
17789,8
17791,8
17796,8
17797,8
17799,8
17802,8
17804,8
17806,8
17811,8
17817,8
17818,8
17824,8
17825,8
17832,8
17833,8
17837,8
17845,8
17847,8
17848,8
17851,8
17852,8
17853,8
17854,8
17856,8
17857,8
17873,8
17875,8
17876,8
17877,8
17893,8
17898,8
17901,8
17902,8
17928,8
17929,8
17934,8
17935,8
17940,8
17941,8
17942,8
17945,8
17946,8
17947,8
17952,8
17955,8
17963,8
17964,8
17970,8
17976,8
17980,8
17983,8
17984,8
17985,8
17986,8
17989,8
17992,8
17993,8
17994,8
17995,8
17998,8
18001,8
18002,8
18003,8
18005,8
18006,8
18017,8
18019,8
18020,8
18022,8
18023,8
18027,8
18029,8
18031,8
18033,8
18034,8
18035,8
18036,8
18045,8
18047,8
18124,8
18125,8
18130,8
18133,8
18134,8
18139,8
18140,8
18145,8
18146,8
18153,8
18154,8
18157,8
18164,8
18167,8
18169,8
18170,8
18171,8
18176,8
18180,8
18182,8
18183,8
18185,8
18619,8
18626,8
18635,8
18636,8
19029,8
19030,8
19034,8
19035,8
19038,8
19040,8
19042,8
19043,8
19046,8
19053,8
19057,8
19064,8
19065,8
19067,8
19068,8
19081,8
19176,8
19177,8
19178,8
19188,8
19191,8
19196,8
19197,8
19248,8
19249,8
19250,8
19251,8
19254,8
19257,8
19259,8
19274,8
19283,8
19284,8
19285,8
19286,8
19288,8
19289,8
19294,8
19298,8
19300,8
19304,8
19311,8
19314,8
19316,8
19321,8
19325,8
19329,8
19330,8
19331,8
19332,8
19333,8
19339,8
19340,8
19344,8
19345,8
19349,8
19353,8
19354,8
19356,8
19357,8
19364,8
19365,8
19368,8
19371,8
19373,8
19375,8
19377,8
19383,8
19384,8
19385,8
19387,8
19388,8
19391,8
19415,8
19417,8
19420,8
19422,8
19428,8
19429,8
19432,8
19438,8
19439,8
19443,8
19449,8
19450,8
19451,8
19453,8
19454,8
19456,8
19472,8
19476,8
19482,8
19496,8
19501,8
19509,8
19514,8
19518,8
19898,8
19900,8
19901,8
19904,8
19909,8
19910,8
19915,8
19921,8
19924,8
19925,8
19930,8
19931,8
19934,8
19935,8
19936,8
19937,8
19944,8
20043,8
20051,8
20056,8
20062,8
20064,8
20065,8
20132,8
20135,8
20137,8
20138,8
20140,8
20143,8
20144,8
20162,8
20163,8
20166,8
20168,8
20169,8
20171,8
20174,8
20176,8
20548,8
20549,8
20554,8
20555,8
20556,8
20560,8
20563,8
20572,8
20574,8
20583,8
20584,8
20590,8
20591,8
20598,8
20715,8
20716,8
20719,8
20720,8
20722,8
20723,8
20726,8
20727,8
20729,8
20731,8
20798,8
20799,8
20805,8
20808,8
20828,8
20829,8
20830,8
20831,8
20833,8
20835,8
20836,8
20841,8
20842,8
20843,8
20845,8
20847,8
20854,8
20860,8
20861,8
20865,8
20870,8
20871,8
20873,8
20874,8
20876,8
20893,8
20896,8
20898,8
20903,8
20908,8
20912,8
20913,8
20914,8
20916,8
20923,8
20924,8
20927,8
20928,8
20930,8
20937,8
20939,8
20945,8
20946,8
20958,8
20967,8
20970,8
20978,8
20979,8
20980,8
20981,8
21006,8
21007,8
21008,8
21009,8
21010,8
21015,8
21016,8
21029,8
21032,8
21035,8
21037,8
21042,8
21043,8
21047,8
21051,8
21052,8
21055,8
21057,8
21065,8
21073,8
21075,8
21076,8
21082,8
21085,8
21086,8
21087,8
21091,8
21096,8
21097,8
21100,8
21102,8
21107,8
21108,8
21109,8
21114,8
21115,8
21120,8
21128,8
21129,8
21131,8
21506,8
21510,8
21514,8
21519,8
21523,8
21526,8
21528,8
21532,8
21536,8
21537,8
21546,8
21549,8
21550,8
21661,8
21663,8
21666,8
21667,8
21672,8
21674,8
21680,8
21681,8
21816,8
21821,8
21823,8
21825,8
21826,8
21827,8
21828,8
21833,8
21834,8
21835,8
21836,8
21837,8
21838,8
21842,8
21843,8
21844,8
21846,8
21851,8
21852,8
21853,8
21863,8
21868,8
21869,8
21910,8
21914,8
22307,8
22310,8
22317,8
22318,8
22380,8
22381,8
22384,8
22386,8
22387,8
22389,8
22390,8
22391,8
22393,8
22398,8
22414,8
22415,8
22432,8
22436,8
22441,8
22444,8
22447,8
22450,8
22453,8
22455,8
22459,8
22462,8
22469,8
22473,8
22474,8
22476,8
22477,8
22478,8
22479,8
22481,8
22482,8
22486,8
22488,8
22491,8
22492,8
22493,8
22494,8
22497,8
22506,8
22507,8
22508,8
22509,8
22514,8
22516,8
22517,8
22519,8
22521,8
22522,8
22523,8
22525,8
22533,8
22537,8
22541,8
22551,8
22563,8
22565,8
22568,8
22585,8
22587,8
22590,8
22591,8
22597,8
22598,8
22606,8
22607,8
22609,8
22610,8
22615,8
22617,8
22619,8
22620,8
22621,8
22623,8
22627,8
22628,8
22633,8
22638,8
22644,8
22650,8
22652,8
22655,8
22659,8
22660,8
22665,8
22666,8
22674,8
22677,8
22678,8
22679,8
22680,8
22684,8
22685,8
22688,8
22694,8
22699,8
22700,8
22701,8
22705,8
22706,8
22707,8
22710,8
22711,8
22797,8
22801,8
22802,8
22803,8
22804,8
22805,8
22806,8
22809,8
22810,8
22815,8
22816,8
22817,8
22821,8
22830,8
22834,8
22835,8
22836,8
22866,8
22867,8
23218,8
23221,8
23226,8
23228,8
23229,8
23233,8
23234,8
23237,8
23446,8
23447,8
23601,8
23602,8
23604,8
23605,8
23612,8
23616,8
23619,8
23622,8
23624,8
23627,8
23632,8
23633,8
23634,8
23755,8
23757,8
23759,8
23764,8
23765,8
23766,8
23772,8
23776,8
23897,8
23898,8
23900,8
23902,8
23903,8
23905,8
23906,8
23910,8
23912,8
23914,8
23915,8
23916,8
23917,8
23921,8
23922,8
23925,8
23926,8
23933,8
23937,8
23941,8
23942,8
23946,8
23947,8
23952,8
23953,8
23956,8
23957,8
23959,8
23960,8
23961,8
23965,8
23975,8
23979,8
23982,8
24014,8
24017,8
24018,8
24024,8
24025,8
24027,8
24033,8
24036,8
24040,8
24041,8
24042,8
24046,8
24049,8
24052,8
24053,8
24059,8
24060,8
24066,8
24067,8
24068,8
24072,8
24074,8
24077,8
24078,8
24080,8
24086,8
24087,8
24088,8
24091,8
24092,8
24097,8
24098,8
24099,8
24102,8
24103,8
24107,8
24108,8
24117,8
24120,8
24121,8
24127,8
24128,8
24129,8
24130,8
24137,8
24139,8
24143,8
24147,8
24148,8
24150,8
24155,8
24156,8
24180,8
24181,8
24182,8
24191,8
24204,8
24205,8
24206,8
24210,8
24214,8
24215,8
24531,8
24532,8
24536,8
24544,8
24547,8
24548,8
24553,8
24561,8
24562,8
24563,8
24564,8
24565,8
24572,8
24579,8
24580,8
24690,8
24691,8
24692,8
24694,8
24696,8
24698,8
24704,8
24706,8
24710,8
24711,8
24716,8
24717,8
24718,8
24719,8
24722,8
24723,8
24834,8
24837,8
24838,8
24839,8
24843,8
24846,8
24848,8
24850,8
24854,8
24855,8
24856,8
24864,8
24867,8
24873,8
24875,8
24876,8
24879,8
24883,8
25144,8
25145,8
25297,8
25300,8
25302,8
25303,8
25305,8
25306,8
25307,8
25309,8
25310,8
25317,8
25318,8
25322,8
25323,8
25443,8
25444,8
25445,8
25449,8
25450,8
25451,8
25455,8
25459,8
25460,8
25462,8
25468,8
25472,8
25486,8
25487,8
25492,8
25497,8
25498,8
25504,8
25508,8
25509,8
25516,8
25521,8
25522,8
25524,8
25525,8
25526,8
25528,8
25529,8
25530,8
25533,8
25536,8
25541,8
25543,8
25548,8
25550,8
25551,8
25552,8
25571,8
25575,8
25581,8
25583,8
25587,8
25589,8
25590,8
25591,8
25595,8
25596,8
25597,8
25601,8
25602,8
25610,8
25618,8
25625,8
25629,8
25633,8
25635,8
25640,8
25645,8
25650,8
25651,8
25653,8
25658,8
25664,8
25667,8
25671,8
25674,8
25678,8
25680,8
25681,8
25684,8
25685,8
25691,8
25702,8
25719,8
25720,8
25724,8
25725,8
25729,8
25730,8
25734,8
25735,8
25736,8
25737,8
25738,8
25742,8
25744,8
25745,8
25751,8
25754,8
25756,8
25758,8
25762,8
25768,8
25769,8
25771,8
25772,8
25773,8
25779,8
25780,8
25788,8
25792,8
25793,8
25794,8
25795,8
25802,8
25803,8
26038,8
26209,8
26212,8
26221,8
26223,8
26226,8
26227,8
26228,8
26229,8
26230,8
26233,8
26352,8
26353,8
26354,8
26358,8
26362,8
26363,8
26366,8
26370,8
26378,8
26381,8
26382,8
26385,8
26392,8
26393,8
26395,8
26396,8
26399,8
26403,8
26414,8
26415,8
26419,8
26420,8
26818,8
26819,8
26821,8
26822,8
26823,8
26825,8
26826,8
26829,8
26831,8
26832,8
26843,8
26845,8
26847,8
26851,8
26852,8
26857,8
26862,8
26864,8
26867,8
26872,8
26873,8
26874,8
26875,8
26878,8
26879,8
26880,8
26884,8
26889,8
26894,8
26899,8
26912,8
26930,8
26933,8
26936,8
26940,8
26946,8
26948,8
26951,8
26954,8
26957,8
26961,8
26963,8
26969,8
26974,8
26977,8
26980,8
26981,8
26983,8
26984,8
26985,8
26986,8
26987,8
26988,8
26989,8
26990,8
26991,8
26996,8
26997,8
26998,8
27000,8
27001,8
27003,8
27004,8
27119,8
27120,8
27127,8
27129,8
27136,8
27139,8
27154,8
27157,8
27160,8
27161,8
27169,8
27172,8
27173,8
27174,8
27176,8
27178,8
27180,8
27183,8
27184,8
27187,8
27188,8
27307,8
27309,8
27310,8
27312,8
27314,8
27315,8
27316,8
27320,8
27321,8
27325,8
27327,8
27330,8
27333,8
27336,8
27761,8
27765,8
27766,8
27767,8
27770,8
27774,8
27775,8
27777,8
27787,8
27791,8
27792,8
27797,8
27798,8
27801,8
27809,8
27811,8
27813,8
27814,8
27823,8
27825,8
27826,8
27830,8
27831,8
27832,8
27838,8
27843,8
27855,8
27858,8
27859,8
27882,8
27883,8
27884,8
27897,8
27900,8
27902,8
27908,8
27923,8
27924,8
27930,8
27931,8
27932,8
27937,8
27941,8
27943,8
27944,8
27947,8
27948,8
27952,8
27959,8
27960,8
27963,8
28369,8
28374,8
28376,8
28381,8
28382,8
28383,8
28388,8
28396,8
28400,8
28404,8
28405,8
28409,8
28421,8
28423,8
28430,8
28432,8
28434,8
28435,8
28445,8
28450,8
28453,8
28454,8
28455,8
28461,8
28465,8
28467,8
28472,8
28489,8
28490,8
28493,8
28494,8
28497,8
28499,8
28500,8
28501,8
28502,8
28505,8
28507,8
28509,8
28513,8
28518,8
28521,8
28522,8
28528,8
28531,8
28538,8
28543,8
28544,8
28548,8
28554,8
28555,8
28556,8
28558,8
28563,8
28564,8
28565,8
28566,8
28568,8
28684,8
28686,8
28687,8
28688,8
28691,8
28698,8
28699,8
28700,8
28701,8
28702,8
28705,8
28706,8
28710,8
28726,8
28741,8
28744,8
28752,8
28754,8
28876,8
28887,8
28889,8
28890,8
28895,8
28900,8
28901,8
28902,8
28920,8
29355,8
29356,8
29362,8
29363,8
29365,8
29370,8
29371,8
29374,8
29375,8
29377,8
29381,8
29385,8
29391,8
29394,8
29396,8
29398,8
29399,8
29400,8
29403,8
29406,8
29409,8
29410,8
29417,8
29418,8
29424,8
29428,8
29430,8
29434,8
29435,8
29436,8
29438,8
29440,8
29441,8
29442,8
29446,8
29448,8
29449,8
29466,8
29467,8
29474,8
29475,8
29476,8
29481,8
29495,8
29526,8
29542,8
29552,8
29586,8
29589,8
29607,8
29609,8
29634,8
29676,8
29679,8
29687,8
29693,8
29723,8
29725,8
29745,8
29751,8
29802,8
29812,8
29837,8
29839,8
29845,8
29878,8
29887,8
29894,8
29917,8
29995,8
30001,8
30066,8
30079,8
30082,8
30086,8
11000,9
11001,9
11002,9
11003,9
11004,9
11005,9
11006,9
11007,9
11008,9
11009,9
11010,9
11011,9
11017,9
11018,9
11025,9
11026,9
11027,9
11028,9
11029,9
11030,9
11031,9
11032,9
11033,9
11034,9
11035,9
11038,9
11039,9
11044,9
11045,9
11046,9
11047,9
11048,9
11050,9
11051,9
11052,9
11054,9
11055,9
11056,9
11057,9
11058,9
11059,9
11060,9
11061,9
11068,9
11069,9
11070,9
11071,9
11072,9
11073,9
11074,9
11075,9
11076,9
11077,9
11079,9
11080,9
11092,9
11093,9
11094,9
11095,9
11096,9
11097,9
11098,9
11099,9
11100,9
11101,9
11102,9
11103,9
11104,9
11105,9
11106,9
11107,9
11108,9
11109,9
11110,9
11111,9
11112,9
11113,9
11114,9
11115,9
11116,9
11117,9
11118,9
11119,9
11120,9
11121,9
11122,9
11123,9
11124,9
11125,9
11126,9
11134,9
11139,9
11146,9
11147,9
11148,9
11149,9
11150,9
11151,9
11356,9
11357,9
11358,9
11359,9
11360,9
11361,9
11362,9
11363,9
11364,9
11365,9
11366,9
11367,9
11368,9
11369,9
11370,9
11371,9
11372,9
11443,9
11444,9
11445,9
11446,9
11447,9
11448,9
11449,9
11450,9
11451,9
11452,9
11453,9
11454,9
11455,9
11456,9
11457,9
11458,9
11459,9
11460,9
11461,9
11462,9
11463,9
11464,9
11465,9
11466,9
11467,9
11472,9
11749,9
11750,9
11751,9
11752,9
11753,9
11754,9
11755,9
11756,9
11757,9
11758,9
11759,9
11760,9
11761,9
11762,9
11763,9
11764,9
11765,9
11766,9
11767,9
11768,9
11892,9
11893,9
11894,9
11895,9
11896,9
11897,9
11898,9
11899,9
11900,9
11901,9
11902,9
11903,9
11904,9
11905,9
11906,9
11907,9
11908,9
11909,9
11910,9
11911,9
11912,9
11913,9
11914,9
11915,9
11916,9
11917,9
11918,9
11919,9
11920,9
11921,9
11929,9
11930,9
11942,9
11943,9
11944,9
11946,9
11947,9
11948,9
11951,9
11952,9
11963,9
11964,9
11965,9
11966,9
11967,9
11968,9
11969,9
11976,9
11977,9
11986,9
11987,9
11988,9
11989,9
11990,9
11991,9
11992,9
11993,9
11994,9
11995,9
11996,9
11997,9
11998,9
11999,9
12000,9
12001,9
12002,9
12003,9
12004,9
12005,9
12006,9
12007,9
12008,9
12009,9
12010,9
12011,9
12012,9
12013,9
12014,9
12021,9
12034,9
12035,9
12036,9
12037,9
12038,9
12039,9
12240,9
12241,9
12242,9
12243,9
12244,9
12245,9
12246,9
12247,9
12248,9
12249,9
12250,9
12251,9
12252,9
12253,9
12337,9
12338,9
12339,9
12340,9
12341,9
12342,9
12343,9
12344,9
12345,9
12346,9
12347,9
12348,9
12349,9
12350,9
12351,9
12352,9
12353,9
12354,9
12355,9
12356,9
12357,9
12358,9
12359,9
12360,9
12361,9
12369,9
12370,9
12371,9
12372,9
12570,9
12571,9
12572,9
12573,9
12574,9
12575,9
12576,9
12577,9
12578,9
12579,9
12580,9
12581,9
12582,9
12583,9
12584,9
12585,9
12586,9
12587,9
12588,9
12589,9
12665,9
12666,9
12667,9
12668,9
12669,9
12670,9
12671,9
12672,9
12673,9
12674,9
12675,9
12676,9
12677,9
12678,9
12679,9
12680,9
12681,9
12682,9
12683,9
12684,9
12685,9
12686,9
12687,9
12688,9
12689,9
12690,9
12691,9
12692,9
12693,9
12694,9
12695,9
12696,9
12697,9
12698,9
12699,9
12700,9
12701,9
12702,9
12703,9
12704,9
12705,9
12706,9
12715,9
12987,9
12988,9
12989,9
12990,9
12991,9
12992,9
12993,9
12994,9
12995,9
12996,9
12997,9
12998,9
12999,9
13000,9
13001,9
13002,9
13003,9
13004,9
13005,9
13006,9
13007,9
13008,9
13009,9
13010,9
13011,9
13012,9
13013,9
13018,9
13020,9
13021,9
13022,9
13023,9
13024,9
13025,9
13026,9
13034,9
13035,9
13036,9
13037,9
13038,9
13040,9
13041,9
13042,9
13043,9
13044,9
13045,9
13046,9
13047,9
13048,9
13049,9
13050,9
13051,9
13075,9
13076,9
13077,9
13078,9
13079,9
13080,9
13081,9
13082,9
13089,9
13090,9
13091,9
13103,9
13104,9
13105,9
13106,9
13107,9
13108,9
13109,9
13110,9
13111,9
13112,9
13113,9
13114,9
13115,9
13116,9
13117,9
13118,9
13119,9
13120,9
13121,9
13122,9
13123,9
13124,9
13125,9
13126,9
13127,9
13128,9
13129,9
13130,9
13131,9
13132,9
13133,9
13134,9
13135,9
13136,9
13137,9
13138,9
13139,9
13140,9
13141,9
13149,9
13150,9
13155,9
13156,9
13157,9
13158,9
13159,9
13160,9
13518,9
13519,9
13520,9
13521,9
13522,9
13523,9
13524,9
13525,9
13526,9
13527,9
13528,9
13529,9
13613,9
13614,9
13615,9
13616,9
13617,9
13618,9
13619,9
13620,9
13621,9
13622,9
13623,9
13624,9
13625,9
13626,9
13627,9
13628,9
13629,9
13630,9
13631,9
13632,9
13633,9
13634,9
13635,9
13636,9
13637,9
13638,9
13639,9
13640,9
13641,9
13642,9
13643,9
13644,9
13645,9
13646,9
13647,9
13648,9
13649,9
13650,9
13651,9
13668,9
13669,9
13670,9
13952,9
13953,9
13954,9
13955,9
13956,9
13957,9
13958,9
13959,9
13960,9
13961,9
13962,9
13963,9
13964,9
13965,9
13966,9
13967,9
13968,9
13969,9
13970,9
13971,9
13972,9
13973,9
13974,9
13975,9
13981,9
13982,9
13983,9
13994,9
13995,9
13996,9
13997,9
13998,9
14007,9
14008,9
14009,9
14010,9
14011,9
14012,9
14013,9
14014,9
14015,9
14016,9
14018,9
14019,9
14020,9
14030,9
14031,9
14032,9
14033,9
14034,9
14038,9
14039,9
14045,9
14046,9
14047,9
14048,9
14049,9
14050,9
14051,9
14052,9
14053,9
14054,9
14055,9
14056,9
14057,9
14058,9
14059,9
14060,9
14061,9
14062,9
14063,9
14064,9
14065,9
14066,9
14067,9
14068,9
14069,9
14070,9
14071,9
14072,9
14073,9
14074,9
14086,9
14087,9
14099,9
14100,9
14101,9
14102,9
14103,9
14123,9
14124,9
14125,9
14126,9
14127,9
14128,9
14129,9
14130,9
14131,9
14132,9
14133,9
14134,9
14209,9
14210,9
14211,9
14212,9
14213,9
14214,9
14215,9
14216,9
14217,9
14218,9
14219,9
14220,9
14221,9
14222,9
14223,9
14224,9
14225,9
14226,9
14227,9
14228,9
14229,9
14230,9
14231,9
14232,9
14233,9
14234,9
14235,9
14236,9
14237,9
14238,9
14259,9
14260,9
14261,9
14262,9
14263,9
14264,9
14275,9
14276,9
14277,9
14278,9
14279,9
14286,9
14287,9
14299,9
14300,9
14301,9
14302,9
14303,9
14304,9
14305,9
14306,9
14307,9
14308,9
14309,9
14310,9
14311,9
14312,9
14313,9
14314,9
14315,9
14316,9
14317,9
14318,9
14319,9
14320,9
14321,9
14322,9
14323,9
14324,9
14325,9
14326,9
14344,9
14345,9
14346,9
14347,9
14348,9
14516,9
14517,9
14518,9
14521,9
14522,9
14523,9
14557,9
14665,9
14666,9
14667,9
14668,9
14669,9
14670,9
14671,9
14672,9
14673,9
14674,9
14675,9
14676,9
14677,9
14678,9
14679,9
14680,9
14681,9
14682,9
14683,9
14684,9
14685,9
14686,9
14853,9
14854,9
14855,9
14857,9
14858,9
14859,9
14860,9
15014,9
15015,9
15018,9
15019,9
15020,9
15021,9
15022,9
15024,9
15025,9
15026,9
15027,9
15028,9
15029,9
15030,9
15031,9
15032,9
15033,9
15034,9
15035,9
15036,9
15037,9
15038,9
15039,9
15040,9
15041,9
15042,9
15043,9
15044,9
15120,9
15121,9
15122,9
15123,9
15124,9
15125,9
15126,9
15127,9
15128,9
15129,9
15130,9
15131,9
15132,9
15133,9
15134,9
15135,9
15136,9
15137,9
15138,9
15139,9
15140,9
15141,9
15142,9
15143,9
15144,9
15145,9
15146,9
15147,9
15148,9
15149,9
15150,9
15151,9
15152,9
15153,9
15154,9
15169,9
15170,9
15171,9
15178,9
15179,9
15180,9
15181,9
15182,9
15183,9
15184,9
15185,9
15186,9
15192,9
15204,9
15205,9
15206,9
15207,9
15208,9
15209,9
15210,9
15211,9
15212,9
15213,9
15214,9
15215,9
15216,9
15217,9
15218,9
15219,9
15220,9
15221,9
15222,9
15223,9
15224,9
15225,9
15226,9
15227,9
15228,9
15229,9
15230,9
15231,9
15232,9
15233,9
15234,9
15235,9
15236,9
15237,9
15238,9
15239,9
15240,9
15241,9
15242,9
15253,9
15261,9
15262,9
15263,9
15264,9
15265,9
15266,9
15267,9
15268,9
15425,9
15426,9
15434,9
15435,9
15436,9
15437,9
15438,9
15439,9
15464,9
15465,9
15575,9
15576,9
15577,9
15578,9
15579,9
15580,9
15581,9
15582,9
15583,9
15584,9
15585,9
15586,9
15587,9
15588,9
15589,9
15590,9
15591,9
15592,9
15593,9
15594,9
15595,9
15596,9
15597,9
15598,9
15599,9
15600,9
15601,9
15602,9
15603,9
15604,9
15605,9
15606,9
15607,9
15639,9
15640,9
15641,9
15642,9
15643,9
15644,9
15645,9
15646,9
15647,9
15648,9
15715,9
15716,9
15717,9
15718,9
15719,9
15720,9
15721,9
15722,9
15723,9
15724,9
15725,9
15726,9
15727,9
15728,9
15729,9
15730,9
15731,9
15732,9
15733,9
15734,9
15735,9
15751,9
15752,9
15753,9
15754,9
15755,9
15756,9
15757,9
15758,9
15764,9
15765,9
15766,9
15767,9
15783,9
15784,9
15785,9
15786,9
15787,9
15788,9
15789,9
15790,9
15791,9
15792,9
15793,9
15794,9
15795,9
15796,9
15797,9
15798,9
15799,9
15800,9
15801,9
15802,9
15803,9
15804,9
15805,9
15806,9
15807,9
15808,9
15809,9
15810,9
15811,9
15812,9
15822,9
15823,9
15828,9
15829,9
15830,9
15831,9
15832,9
15833,9
16016,9
16023,9
16025,9
16026,9
16027,9
16028,9
16029,9
16030,9
16031,9
16032,9
16155,9
16156,9
16157,9
16158,9
16159,9
16160,9
16161,9
16162,9
16163,9
16164,9
16165,9
16166,9
16167,9
16168,9
16169,9
16170,9
16171,9
16172,9
16173,9
16174,9
16175,9
16176,9
16177,9
16178,9
16179,9
16180,9
16181,9
16182,9
16183,9
16184,9
16185,9
16332,9
16338,9
16339,9
16341,9
16342,9
16343,9
16345,9
16346,9
16347,9
16348,9
16349,9
16350,9
16351,9
16352,9
16480,9
16481,9
16482,9
16483,9
16484,9
16486,9
16487,9
16488,9
16489,9
16492,9
16493,9
16494,9
16495,9
16496,9
16514,9
16515,9
16516,9
16517,9
16518,9
16519,9
16520,9
16521,9
16522,9
16523,9
16524,9
16525,9
16526,9
16527,9
16528,9
16529,9
16605,9
16606,9
16607,9
16608,9
16609,9
16610,9
16611,9
16612,9
16613,9
16614,9
16615,9
16616,9
16617,9
16618,9
16619,9
16620,9
16621,9
16622,9
16623,9
16624,9
16625,9
16626,9
16627,9
16628,9
16629,9
16630,9
16631,9
16632,9
16633,9
16634,9
16635,9
16636,9
16637,9
16638,9
16639,9
16640,9
16656,9
16657,9
16658,9
16659,9
16660,9
16661,9
16662,9
16663,9
16664,9
16665,9
16674,9
16675,9
16679,9
16680,9
16681,9
16682,9
16683,9
16684,9
16685,9
16686,9
16687,9
16688,9
16689,9
16690,9
16691,9
16692,9
16693,9
16694,9
16695,9
16696,9
16697,9
16698,9
16699,9
16700,9
16701,9
16702,9
16703,9
16704,9
16705,9
16706,9
16707,9
16708,9
16709,9
16710,9
16711,9
16712,9
16713,9
16729,9
16730,9
16733,9
16734,9
16738,9
16739,9
16740,9
16741,9
16742,9
16743,9
16744,9
16745,9
16919,9
16926,9
16927,9
16928,9
16929,9
16930,9
16931,9
17045,9
17046,9
17047,9
17048,9
17049,9
17050,9
17051,9
17052,9
17053,9
17054,9
17055,9
17056,9
17057,9
17058,9
17059,9
17060,9
17061,9
17062,9
17063,9
17064,9
17065,9
17066,9
17067,9
17068,9
17069,9
17070,9
17071,9
17072,9
17073,9
17074,9
17075,9
17076,9
17077,9
17078,9
17079,9
17227,9
17228,9
17229,9
17230,9
17231,9
17232,9
17233,9
17234,9
17235,9
17236,9
17237,9
17238,9
17239,9
17240,9
17241,9
17242,9
17243,9
17244,9
17245,9
17246,9
17247,9
17248,9
17249,9
17250,9
17251,9
17252,9
17253,9
17254,9
17255,9
17256,9
17257,9
17258,9
17259,9
17277,9
17278,9
17279,9
17280,9
17281,9
17282,9
17283,9
17284,9
17285,9
17286,9
17287,9
17288,9
17289,9
17290,9
17291,9
17292,9
17293,9
17294,9
17295,9
17296,9
17297,9
17298,9
17299,9
17300,9
17301,9
17302,9
17303,9
17304,9
17305,9
17306,9
17307,9
17308,9
17309,9
17310,9
17311,9
17312,9
17313,9
17314,9
17315,9
17316,9
17317,9
17318,9
17319,9
17320,9
17321,9
17322,9
17323,9
17324,9
17325,9
17326,9
17327,9
17328,9
17329,9
17330,9
17331,9
17332,9
17333,9
17334,9
17346,9
17350,9
17351,9
17352,9
17353,9
17354,9
17355,9
17370,9
17375,9
17381,9
17478,9
17479,9
17484,9
17493,9
17494,9
17495,9
17496,9
17500,9
17501,9
17502,9
17503,9
17504,9
17510,9
17511,9
17512,9
17513,9
17514,9
17515,9
17522,9
17724,9
17725,9
17726,9
17727,9
17728,9
17729,9
17730,9
17731,9
17732,9
17733,9
17734,9
17735,9
17736,9
17904,9
17905,9
17906,9
17907,9
17908,9
17909,9
17910,9
17911,9
17912,9
17913,9
17914,9
17915,9
17916,9
17917,9
17918,9
17919,9
17920,9
17921,9
17922,9
17923,9
17924,9
17925,9
17926,9
17927,9
18188,9
18189,9
18190,9
18191,9
18192,9
18193,9
18194,9
18195,9
18196,9
18197,9
18198,9
18199,9
18200,9
18201,9
18202,9
18203,9
18204,9
18205,9
18206,9
18207,9
18208,9
18209,9
18210,9
18211,9
18212,9
18213,9
18214,9
18215,9
18216,9
18217,9
18218,9
18219,9
18220,9
18221,9
18222,9
18238,9
18239,9
18240,9
18241,9
18242,9
18243,9
18244,9
18245,9
18246,9
18247,9
18248,9
18249,9
18250,9
18251,9
18252,9
18253,9
18254,9
18255,9
18256,9
18257,9
18258,9
18259,9
18260,9
18261,9
18262,9
18263,9
18264,9
18265,9
18266,9
18267,9
18268,9
18269,9
18270,9
18271,9
18272,9
18273,9
18274,9
18275,9
18276,9
18277,9
18278,9
18279,9
18280,9
18281,9
18282,9
18283,9
18284,9
18285,9
18286,9
18287,9
18288,9
18289,9
18290,9
18291,9
18292,9
18293,9
18294,9
18295,9
18296,9
18297,9
18298,9
18299,9
18300,9
18301,9
18302,9
18303,9
18304,9
18305,9
18306,9
18307,9
18308,9
18309,9
18310,9
18319,9
18325,9
18326,9
18330,9
18331,9
18332,9
18333,9
18334,9
18335,9
18336,9
18337,9
18338,9
18367,9
18443,9
18444,9
18445,9
18446,9
18447,9
18450,9
18451,9
18452,9
18457,9
18458,9
18461,9
18462,9
18463,9
18464,9
18465,9
18466,9
18467,9
18468,9
18469,9
18470,9
18482,9
18483,9
18484,9
18485,9
18486,9
18487,9
18488,9
18489,9
18490,9
18491,9
18492,9
18493,9
18494,9
18495,9
18496,9
18691,9
18692,9
18693,9
18694,9
18695,9
18696,9
18697,9
18698,9
18699,9
18700,9
18701,9
18702,9
18703,9
18704,9
18705,9
18706,9
18707,9
18708,9
18709,9
18710,9
18711,9
18712,9
18713,9
18714,9
18715,9
18716,9
18717,9
18718,9
18719,9
18720,9
18721,9
18722,9
18723,9
18724,9
18725,9
18726,9
18727,9
18728,9
18729,9
18730,9
18731,9
18732,9
18733,9
18734,9
18735,9
18736,9
18737,9
18738,9
18739,9
18740,9
18741,9
18742,9
18743,9
18744,9
18745,9
18746,9
18747,9
18748,9
18763,9
18766,9
18767,9
18768,9
18769,9
18793,9
18796,9
18885,9
18895,9
18896,9
18897,9
18898,9
18899,9
18900,9
18901,9
18902,9
18903,9
18906,9
18907,9
18908,9
18909,9
18928,9
18929,9
18930,9
18931,9
18932,9
19083,9
19084,9
19085,9
19086,9
19087,9
19088,9
19089,9
19090,9
19091,9
19092,9
19093,9
19094,9
19095,9
19096,9
19097,9
19098,9
19099,9
19100,9
19101,9
19102,9
19103,9
19104,9
19105,9
19106,9
19264,9
19265,9
19266,9
19267,9
19268,9
19269,9
19270,9
19271,9
19555,9
19556,9
19557,9
19558,9
19559,9
19560,9
19561,9
19562,9
19563,9
19564,9
19565,9
19566,9
19567,9
19568,9
19569,9
19570,9
19571,9
19572,9
19573,9
19574,9
19575,9
19576,9
19577,9
19578,9
19579,9
19580,9
19581,9
19582,9
19583,9
19584,9
19585,9
19586,9
19587,9
19588,9
19589,9
19590,9
19591,9
19592,9
19593,9
19594,9
19595,9
19596,9
19597,9
19598,9
19599,9
19600,9
19601,9
19602,9
19603,9
19604,9
19605,9
19606,9
19607,9
19608,9
19609,9
19610,9
19611,9
19612,9
19613,9
19614,9
19615,9
19616,9
19617,9
19618,9
19619,9
19620,9
19621,9
19622,9
19623,9
19624,9
19625,9
19626,9
19627,9
19628,9
19629,9
19630,9
19631,9
19632,9
19650,9
19651,9
19652,9
19653,9
19666,9
19667,9
19672,9
19673,9
19674,9
19675,9
19676,9
19677,9
19748,9
19752,9
19753,9
19761,9
19762,9
19763,9
19764,9
19765,9
19766,9
19770,9
19771,9
19772,9
19773,9
19782,9
19783,9
19784,9
19785,9
19786,9
19787,9
19788,9
19789,9
19790,9
19791,9
19792,9
19793,9
19794,9
19795,9
19796,9
19797,9
19798,9
19807,9
19947,9
19948,9
19949,9
19950,9
19951,9
19952,9
19953,9
19954,9
19955,9
19956,9
19957,9
19958,9
19959,9
19960,9
19961,9
19962,9
19963,9
19964,9
19965,9
19966,9
19967,9
19968,9
19969,9
19970,9
19971,9
19972,9
19973,9
19974,9
19975,9
19976,9
19977,9
19978,9
19979,9
20151,9
20152,9
20153,9
20154,9
20155,9
20156,9
20157,9
20158,9
20159,9
20160,9
20211,9
20212,9
20213,9
20214,9
20215,9
20216,9
20217,9
20218,9
20219,9
20220,9
20221,9
20222,9
20223,9
20224,9
20225,9
20226,9
20227,9
20228,9
20229,9
20230,9
20231,9
20232,9
20233,9
20234,9
20235,9
20236,9
20237,9
20238,9
20239,9
20240,9
20241,9
20242,9
20243,9
20244,9
20245,9
20246,9
20247,9
20248,9
20249,9
20250,9
20251,9
20252,9
20253,9
20254,9
20255,9
20256,9
20257,9
20258,9
20259,9
20260,9
20261,9
20262,9
20263,9
20264,9
20265,9
20266,9
20267,9
20268,9
20269,9
20277,9
20282,9
20283,9
20284,9
20309,9
20314,9
20316,9
20317,9
20402,9
20403,9
20404,9
20406,9
20407,9
20415,9
20416,9
20417,9
20418,9
20419,9
20420,9
20423,9
20424,9
20425,9
20426,9
20427,9
20428,9
20429,9
20430,9
20444,9
20445,9
20446,9
20447,9
20448,9
20450,9
20451,9
20452,9
20453,9
20454,9
20455,9
20456,9
20460,9
20600,9
20601,9
20602,9
20603,9
20604,9
20605,9
20606,9
20607,9
20608,9
20609,9
20610,9
20611,9
20612,9
20613,9
20614,9
20615,9
20616,9
20617,9
20618,9
20619,9
20620,9
20621,9
20622,9
20623,9
20624,9
20625,9
20626,9
20627,9
20628,9
20629,9
20630,9
20631,9
20812,9
20813,9
20814,9
20815,9
20816,9
20817,9
20818,9
20819,9
20820,9
20821,9
20822,9
20823,9
20983,9
20984,9
20985,9
20986,9
20987,9
20988,9
20989,9
20990,9
20991,9
20992,9
20993,9
20994,9
20995,9
20996,9
20997,9
20998,9
20999,9
21000,9
21001,9
21002,9
21165,9
21166,9
21167,9
21168,9
21169,9
21170,9
21171,9
21172,9
21173,9
21174,9
21175,9
21176,9
21177,9
21178,9
21179,9
21180,9
21181,9
21182,9
21183,9
21184,9
21185,9
21186,9
21187,9
21188,9
21189,9
21190,9
21191,9
21192,9
21193,9
21194,9
21195,9
21196,9
21197,9
21198,9
21199,9
21200,9
21201,9
21202,9
21203,9
21204,9
21205,9
21206,9
21207,9
21208,9
21209,9
21210,9
21211,9
21212,9
21213,9
21214,9
21215,9
21216,9
21217,9
21218,9
21219,9
21220,9
21221,9
21222,9
21223,9
21224,9
21225,9
21226,9
21227,9
21228,9
21229,9
21230,9
21231,9
21232,9
21239,9
21248,9
21254,9
21255,9
21256,9
21257,9
21258,9
21259,9
21279,9
21283,9
21359,9
21360,9
21361,9
21362,9
21363,9
21365,9
21366,9
21367,9
21370,9
21371,9
21372,9
21373,9
21374,9
21375,9
21376,9
21377,9
21378,9
21379,9
21380,9
21381,9
21382,9
21383,9
21384,9
21387,9
21389,9
21390,9
21391,9
21392,9
21393,9
21394,9
21402,9
21403,9
21404,9
21405,9
21406,9
21407,9
21408,9
21409,9
21418,9
21551,9
21552,9
21553,9
21554,9
21555,9
21556,9
21557,9
21558,9
21559,9
21560,9
21561,9
21562,9
21563,9
21564,9
21565,9
21566,9
21567,9
21568,9
21569,9
21570,9
21571,9
21572,9
21573,9
21871,9
21872,9
21873,9
21874,9
21875,9
21876,9
21877,9
21878,9
21879,9
21880,9
21881,9
21882,9
21883,9
21884,9
21885,9
21886,9
21887,9
21888,9
21889,9
21890,9
21891,9
21892,9
21893,9
21894,9
21895,9
21896,9
21897,9
21898,9
21899,9
21943,9
21944,9
21945,9
21946,9
21947,9
21948,9
21949,9
21950,9
21951,9
21952,9
21953,9
21954,9
21955,9
21956,9
21957,9
21958,9
21959,9
21960,9
21961,9
21962,9
21963,9
21964,9
21965,9
21966,9
21967,9
21968,9
21969,9
21970,9
21971,9
21972,9
21973,9
21974,9
21975,9
21976,9
21977,9
21978,9
21979,9
21980,9
21981,9
21982,9
21983,9
21984,9
21985,9
21986,9
21987,9
21988,9
21989,9
21990,9
21991,9
21992,9
21993,9
21994,9
21995,9
21996,9
21997,9
21998,9
21999,9
22000,9
22001,9
22002,9
22003,9
22004,9
22005,9
22006,9
22017,9
22018,9
22020,9
22028,9
22029,9
22030,9
22031,9
22032,9
22033,9
22063,9
22064,9
22065,9
22147,9
22148,9
22149,9
22150,9
22151,9
22155,9
22156,9
22167,9
22168,9
22169,9
22170,9
22171,9
22172,9
22173,9
22174,9
22175,9
22176,9
22177,9
22178,9
22179,9
22180,9
22181,9
22193,9
22194,9
22195,9
22196,9
22197,9
22198,9
22199,9
22200,9
22201,9
22202,9
22203,9
22204,9
22205,9
22206,9
22207,9
22208,9
22209,9
22210,9
22212,9
22213,9
22214,9
22399,9
22400,9
22401,9
22402,9
22403,9
22404,9
22405,9
22406,9
22407,9
22408,9
22409,9
22410,9
22411,9
22412,9
22571,9
22572,9
22573,9
22574,9
22575,9
22576,9
22577,9
22578,9
22579,9
22580,9
22581,9
22582,9
22583,9
22839,9
22840,9
22841,9
22842,9
22843,9
22844,9
22845,9
22846,9
22847,9
22848,9
22849,9
22850,9
22851,9
22852,9
22853,9
22854,9
22855,9
22856,9
22857,9
22858,9
22859,9
22860,9
22904,9
22905,9
22906,9
22907,9
22908,9
22909,9
22910,9
22911,9
22912,9
22913,9
22914,9
22915,9
22916,9
22917,9
22918,9
22919,9
22920,9
22921,9
22922,9
22923,9
22924,9
22925,9
22926,9
22927,9
22928,9
22929,9
22930,9
22931,9
22932,9
22933,9
22934,9
22935,9
22936,9
22937,9
22938,9
22939,9
22940,9
22941,9
22942,9
22943,9
22944,9
22945,9
22946,9
22947,9
22948,9
22949,9
22950,9
22951,9
22952,9
22953,9
22954,9
22955,9
22956,9
22957,9
22958,9
22959,9
22960,9
22961,9
22962,9
22963,9
22964,9
22965,9
22966,9
22973,9
22974,9
22978,9
22986,9
22987,9
22988,9
23008,9
23012,9
23013,9
23014,9
23077,9
23078,9
23079,9
23085,9
23086,9
23087,9
23094,9
23095,9
23096,9
23097,9
23098,9
23099,9
23100,9
23101,9
23102,9
23103,9
23104,9
23105,9
23106,9
23107,9
23116,9
23117,9
23118,9
23119,9
23120,9
23121,9
23122,9
23123,9
23128,9
23129,9
23305,9
23307,9
23308,9
23309,9
23310,9
23311,9
23312,9
23313,9
23314,9
23315,9
23316,9
23317,9
23320,9
23321,9
23322,9
23323,9
23324,9
23325,9
23329,9
23330,9
23331,9
23332,9
23343,9
23344,9
23345,9
23346,9
23347,9
23348,9
23408,9
23409,9
23410,9
23411,9
23412,9
23413,9
23414,9
23415,9
23416,9
23417,9
23418,9
23419,9
23420,9
23421,9
23422,9
23423,9
23424,9
23425,9
23426,9
23427,9
23428,9
23429,9
23430,9
23431,9
23432,9
23433,9
23434,9
23435,9
23436,9
23437,9
23438,9
23439,9
23521,9
23522,9
23523,9
23524,9
23525,9
23526,9
23527,9
23528,9
23529,9
23530,9
23531,9
23532,9
23533,9
23534,9
23535,9
23536,9
23537,9
23538,9
23539,9
23540,9
23541,9
23542,9
23543,9
23544,9
23545,9
23546,9
23547,9
23562,9
23563,9
23569,9
23570,9
23571,9
23572,9
23573,9
23574,9
23575,9
23576,9
23593,9
23640,9
23641,9
23642,9
23643,9
23644,9
23645,9
23646,9
23647,9
23648,9
23649,9
23650,9
23651,9
23652,9
23653,9
23654,9
23655,9
23656,9
23657,9
23658,9
23659,9
23660,9
23661,9
23662,9
23663,9
23664,9
23665,9
23992,9
23993,9
23994,9
23995,9
23996,9
23997,9
23998,9
23999,9
24000,9
24001,9
24002,9
24003,9
24004,9
24005,9
24006,9
24007,9
24008,9
24009,9
24159,9
24160,9
24161,9
24162,9
24163,9
24164,9
24165,9
24166,9
24167,9
24168,9
24169,9
24170,9
24171,9
24172,9
24173,9
24174,9
24175,9
24176,9
24177,9
24178,9
24179,9
24228,9
24229,9
24230,9
24240,9
24241,9
24242,9
24243,9
24244,9
24245,9
24246,9
24247,9
24248,9
24249,9
24250,9
24251,9
24252,9
24253,9
24257,9
24266,9
24267,9
24268,9
24269,9
24270,9
24271,9
24272,9
24273,9
24274,9
24276,9
24277,9
24278,9
24279,9
24280,9
24281,9
24282,9
24283,9
24300,9
24301,9
24302,9
24303,9
24304,9
24305,9
24306,9
24307,9
24360,9
24361,9
24362,9
24363,9
24364,9
24365,9
24366,9
24367,9
24368,9
24369,9
24370,9
24371,9
24372,9
24373,9
24374,9
24375,9
24376,9
24377,9
24378,9
24379,9
24380,9
24381,9
24382,9
24453,9
24454,9
24455,9
24456,9
24457,9
24458,9
24459,9
24460,9
24461,9
24462,9
24463,9
24464,9
24465,9
24466,9
24467,9
24468,9
24469,9
24470,9
24471,9
24472,9
24473,9
24474,9
24475,9
24476,9
24477,9
24478,9
24479,9
24480,9
24481,9
24482,9
24483,9
24484,9
24485,9
24494,9
24495,9
24502,9
24503,9
24504,9
24505,9
24506,9
24584,9
24585,9
24586,9
24587,9
24588,9
24589,9
24590,9
24591,9
24592,9
24593,9
24594,9
24595,9
24596,9
24597,9
24598,9
24599,9
24600,9
24601,9
24602,9
24603,9
24604,9
24605,9
24606,9
24607,9
24608,9
24609,9
24610,9
24611,9
24612,9
24613,9
24614,9
24615,9
24884,9
24885,9
24886,9
24887,9
24888,9
24889,9
24890,9
24891,9
24892,9
24893,9
24894,9
24895,9
24896,9
24897,9
24898,9
24899,9
24900,9
24901,9
24902,9
24903,9
24904,9
24905,9
24906,9
24907,9
24908,9
24909,9
24910,9
24911,9
24912,9
24913,9
24914,9
24915,9
24916,9
24917,9
24918,9
24919,9
24920,9
24921,9
24922,9
24923,9
24924,9
25001,9
25009,9
25010,9
25011,9
25012,9
25013,9
25017,9
25019,9
25020,9
25021,9
25022,9
25026,9
25027,9
25028,9
25029,9
25030,9
25031,9
25032,9
25033,9
25034,9
25035,9
25036,9
25037,9
25051,9
25052,9
25053,9
25054,9
25055,9
25056,9
25057,9
25058,9
25106,9
25107,9
25108,9
25109,9
25110,9
25111,9
25112,9
25113,9
25114,9
25115,9
25116,9
25117,9
25118,9
25119,9
25120,9
25121,9
25122,9
25123,9
25124,9
25125,9
25126,9
25127,9
25128,9
25129,9
25130,9
25131,9
25132,9
25133,9
25134,9
25135,9
25136,9
25137,9
25138,9
25139,9
25140,9
25210,9
25211,9
25212,9
25213,9
25214,9
25215,9
25216,9
25217,9
25218,9
25219,9
25220,9
25221,9
25222,9
25223,9
25224,9
25225,9
25226,9
25227,9
25228,9
25229,9
25230,9
25231,9
25232,9
25233,9
25234,9
25235,9
25236,9
25237,9
25238,9
25239,9
25240,9
25241,9
25242,9
25243,9
25244,9
25245,9
25246,9
25247,9
25248,9
25249,9
25250,9
25251,9
25252,9
25262,9
25263,9
25266,9
25267,9
25268,9
25269,9
25270,9
25271,9
25272,9
25273,9
25294,9
25295,9
25555,9
25556,9
25557,9
25558,9
25559,9
25560,9
25561,9
25562,9
25563,9
25564,9
25565,9
25566,9
25567,9
25568,9
25704,9
25705,9
25706,9
25707,9
25708,9
25709,9
25710,9
25711,9
25712,9
25713,9
25714,9
25715,9
25716,9
25717,9
25718,9
25809,9
25810,9
25811,9
25812,9
25813,9
25814,9
25815,9
25816,9
25817,9
25818,9
25819,9
25820,9
25821,9
25822,9
25823,9
25824,9
25825,9
25826,9
25827,9
25828,9
25829,9
25830,9
25831,9
25832,9
25906,9
25907,9
25912,9
25913,9
25918,9
25919,9
25920,9
25921,9
25922,9
25923,9
25926,9
25927,9
25928,9
25935,9
25936,9
25937,9
25938,9
25939,9
25940,9
25941,9
25944,9
25945,9
25946,9
25947,9
25948,9
25949,9
25958,9
25960,9
25961,9
26019,9
26020,9
26021,9
26022,9
26023,9
26024,9
26025,9
26026,9
26027,9
26028,9
26029,9
26030,9
26031,9
26032,9
26033,9
26034,9
26035,9
26036,9
26129,9
26130,9
26131,9
26132,9
26133,9
26134,9
26135,9
26136,9
26137,9
26138,9
26139,9
26140,9
26141,9
26142,9
26143,9
26144,9
26145,9
26146,9
26147,9
26148,9
26149,9
26150,9
26151,9
26152,9
26153,9
26154,9
26155,9
26156,9
26157,9
26158,9
26159,9
26160,9
26161,9
26162,9
26163,9
26164,9
26165,9
26166,9
26167,9
26179,9
26182,9
26186,9
26187,9
26188,9
26189,9
26190,9
26191,9
26192,9
26204,9
26374,9
26375,9
26421,9
26422,9
26423,9
26424,9
26425,9
26426,9
26427,9
26428,9
26429,9
26430,9
26431,9
26432,9
26433,9
26434,9
26435,9
26436,9
26437,9
26438,9
26439,9
26440,9
26441,9
26442,9
26443,9
26444,9
26445,9
26446,9
26447,9
26543,9
26547,9
26548,9
26549,9
26558,9
26559,9
26560,9
26561,9
26562,9
26563,9
26564,9
26565,9
26566,9
26567,9
26568,9
26569,9
26570,9
26571,9
26585,9
26587,9
26588,9
26589,9
26590,9
26591,9
26592,9
26651,9
26652,9
26653,9
26654,9
26655,9
26656,9
26657,9
26658,9
26659,9
26660,9
26661,9
26662,9
26663,9
26664,9
26665,9
26666,9
26667,9
26668,9
26669,9
26670,9
26671,9
26672,9
26673,9
26739,9
26740,9
26741,9
26742,9
26743,9
26744,9
26745,9
26746,9
26747,9
26748,9
26749,9
26750,9
26751,9
26752,9
26753,9
26754,9
26755,9
26756,9
26757,9
26758,9
26759,9
26760,9
26761,9
26762,9
26763,9
26764,9
26765,9
26766,9
26767,9
26768,9
26769,9
26770,9
26771,9
26772,9
26773,9
26774,9
26784,9
26785,9
26795,9
26796,9
26797,9
26916,9
26917,9
26918,9
26919,9
26920,9
26921,9
26922,9
26923,9
26924,9
26967,9
26968,9
27144,9
27145,9
27146,9
27147,9
27148,9
27149,9
27150,9
27299,9
27338,9
27339,9
27340,9
27341,9
27342,9
27343,9
27344,9
27345,9
27346,9
27347,9
27348,9
27349,9
27350,9
27351,9
27352,9
27353,9
27354,9
27355,9
27356,9
27357,9
27358,9
27359,9
27360,9
27361,9
27362,9
27363,9
27364,9
27365,9
27366,9
27367,9
27368,9
27369,9
27370,9
27371,9
27464,9
27469,9
27470,9
27471,9
27472,9
27473,9
27482,9
27483,9
27484,9
27485,9
27486,9
27487,9
27488,9
27489,9
27490,9
27491,9
27492,9
27493,9
27494,9
27495,9
27496,9
27497,9
27498,9
27499,9
27500,9
27501,9
27511,9
27512,9
27513,9
27514,9
27515,9
27516,9
27517,9
27518,9
27519,9
27520,9
27580,9
27581,9
27582,9
27583,9
27584,9
27585,9
27586,9
27587,9
27588,9
27589,9
27590,9
27591,9
27592,9
27593,9
27594,9
27595,9
27596,9
27597,9
27598,9
27599,9
27685,9
27686,9
27687,9
27688,9
27689,9
27690,9
27691,9
27692,9
27693,9
27694,9
27695,9
27696,9
27697,9
27698,9
27699,9
27700,9
27701,9
27702,9
27703,9
27704,9
27705,9
27706,9
27707,9
27708,9
27709,9
27710,9
27711,9
27712,9
27713,9
27714,9
27715,9
27716,9
27717,9
27718,9
27719,9
27720,9
27721,9
27722,9
27723,9
27728,9
27733,9
27743,9
27744,9
27745,9
27746,9
27860,9
27861,9
27862,9
27863,9
27864,9
27865,9
27866,9
27867,9
27868,9
27869,9
27870,9
27871,9
27872,9
27873,9
27874,9
27875,9
27876,9
27877,9
27878,9
27879,9
27910,9
27968,9
27969,9
27970,9
27971,9
27972,9
27973,9
27974,9
27975,9
27976,9
27977,9
27978,9
27979,9
27980,9
27981,9
27982,9
27983,9
27984,9
27985,9
27986,9
27987,9
28091,9
28098,9
28102,9
28103,9
28107,9
28108,9
28109,9
28110,9
28111,9
28113,9
28114,9
28115,9
28116,9
28117,9
28118,9
28119,9
28120,9
28132,9
28133,9
28134,9
28135,9
28136,9
28137,9
28138,9
28139,9
28140,9
28201,9
28202,9
28203,9
28204,9
28205,9
28206,9
28207,9
28208,9
28209,9
28210,9
28211,9
28212,9
28213,9
28214,9
28215,9
28216,9
28217,9
28218,9
28219,9
28220,9
28303,9
28304,9
28305,9
28306,9
28307,9
28308,9
28309,9
28310,9
28311,9
28312,9
28313,9
28314,9
28315,9
28316,9
28317,9
28318,9
28319,9
28320,9
28321,9
28322,9
28323,9
28324,9
28325,9
28326,9
28327,9
28328,9
28329,9
28338,9
28348,9
28349,9
28350,9
28351,9
28352,9
28353,9
28479,9
28480,9
28481,9
28482,9
28483,9
28484,9
28485,9
28486,9
28487,9
28488,9
28533,9
28534,9
28535,9
28536,9
28537,9
28714,9
28715,9
28716,9
28717,9
28718,9
28719,9
28720,9
28721,9
28872,9
28922,9
28923,9
28924,9
28925,9
28926,9
28927,9
28928,9
28929,9
28930,9
28931,9
28932,9
28933,9
28934,9
28935,9
28936,9
28937,9
28938,9
28939,9
28940,9
28941,9
28942,9
28943,9
28944,9
28945,9
28946,9
28947,9
28948,9
28949,9
28950,9
28951,9
28952,9
28953,9
28954,9
28955,9
28956,9
28957,9
28958,9
28959,9
28960,9
28961,9
28962,9
28963,9
29053,9
29054,9
29055,9
29061,9
29062,9
29063,9
29064,9
29065,9
29066,9
29067,9
29068,9
29069,9
29080,9
29081,9
29082,9
29083,9
29084,9
29085,9
29086,9
29087,9
29088,9
29090,9
29091,9
29092,9
29093,9
29094,9
29095,9
29096,9
29097,9
29098,9
29099,9
29100,9
29101,9
29102,9
29103,9
29113,9
29114,9
29115,9
29116,9
29117,9
29118,9
29119,9
29120,9
29121,9
29122,9
29123,9
29178,9
29179,9
29180,9
29181,9
29182,9
29183,9
29184,9
29185,9
29186,9
29187,9
29188,9
29189,9
29190,9
29191,9
29192,9
29193,9
29194,9
29195,9
29196,9
29286,9
29287,9
29288,9
29289,9
29290,9
29291,9
29292,9
29293,9
29294,9
29295,9
29296,9
29297,9
29298,9
29299,9
29300,9
29301,9
29302,9
29303,9
29304,9
29305,9
29306,9
29307,9
29308,9
29309,9
29310,9
29311,9
29312,9
29313,9
29314,9
29315,9
29316,9
29317,9
29318,9
29319,9
29320,9
29321,9
29331,9
29332,9
29333,9
29337,9
29338,9
29342,9
29343,9
29344,9
29345,9
29346,9
29452,9
29453,9
29454,9
29455,9
29456,9
29457,9
29458,9
29459,9
29460,9
29461,9
29462,9
29463,9
29464,9
29465,9
29488,9
29512,9
29516,9
29529,9
29537,9
29538,9
29547,9
29556,9
29595,9
29602,9
29628,9
29648,9
29652,9
29656,9
29657,9
29665,9
29670,9
29700,9
29706,9
29754,9
29760,9
29790,9
29821,9
29823,9
29829,9
29960,9
29965,9
29970,9
29972,9
30015,9
30038,9
30059,9
30092,9
30097,9
11238,10
11239,10
11240,10
11243,10
11244,10
11247,10
11250,10
11333,10
11334,10
11337,10
11341,10
11343,10
11344,10
11350,10
11351,10
11353,10
11355,10
11375,10
11376,10
11381,10
11385,10
11387,10
11388,10
11394,10
11398,10
11400,10
11408,10
11413,10
11414,10
11419,10
11422,10
11434,10
11436,10
11468,10
11469,10
11474,10
11475,10
11476,10
11482,10
11485,10
11488,10
11489,10
11491,10
11493,10
11494,10
11496,10
11497,10
11542,10
11548,10
11549,10
11550,10
11553,10
11555,10
11556,10
11557,10
11558,10
11560,10
11563,10
11565,10
11568,10
11569,10
11573,10
11574,10
11575,10
11579,10
11580,10
11585,10
11586,10
11589,10
11596,10
11603,10
11604,10
11609,10
11610,10
11612,10
11615,10
11616,10
12123,10
12126,10
12133,10
12134,10
12210,10
12214,10
12215,10
12216,10
12222,10
12224,10
12227,10
12233,10
12235,10
12239,10
12259,10
12260,10
12262,10
12263,10
12264,10
12271,10
12272,10
12277,10
12281,10
12282,10
12283,10
12284,10
12286,10
12287,10
12288,10
12289,10
12292,10
12293,10
12294,10
12299,10
12303,10
12304,10
12305,10
12309,10
12310,10
12311,10
12315,10
12316,10
12317,10
12318,10
12320,10
12325,10
12326,10
12328,10
12329,10
12334,10
12335,10
12336,10
12367,10
12376,10
12380,10
12381,10
12382,10
12385,10
12391,10
12392,10
12394,10
12402,10
12403,10
12404,10
12405,10
12459,10
12460,10
12463,10
12465,10
12473,10
12476,10
12486,10
12491,10
12492,10
12496,10
12502,10
12503,10
12504,10
12505,10
12506,10
12508,10
12513,10
12519,10
12525,10
12526,10
12540,10
12545,10
12550,10
12551,10
12554,10
12559,10
12560,10
12563,10
12564,10
12566,10
12567,10
12568,10
12569,10
12590,10
12592,10
12593,10
12594,10
12595,10
12596,10
12597,10
12598,10
12599,10
12601,10
12602,10
12603,10
12608,10
12609,10
12610,10
12611,10
12612,10
12615,10
12619,10
12622,10
12623,10
12626,10
12627,10
12630,10
12633,10
12634,10
12637,10
12640,10
12644,10
12645,10
12647,10
12648,10
12652,10
12653,10
12654,10
12658,10
12664,10
12729,10
12730,10
12733,10
12739,10
12740,10
12743,10
12744,10
12745,10
12746,10
12803,10
12808,10
12836,10
12839,10
12840,10
12847,10
12848,10
12853,10
12854,10
12855,10
12856,10
12857,10
12859,10
12860,10
12861,10
12864,10
12865,10
12871,10
12873,10
12874,10
13251,10
13252,10
13253,10
13254,10
13262,10
13404,10
13407,10
13408,10
13411,10
13412,10
13493,10
13495,10
13503,10
13505,10
13507,10
13509,10
13516,10
13517,10
13530,10
13533,10
13534,10
13535,10
13539,10
13544,10
13547,10
13551,10
13553,10
13554,10
13557,10
13561,10
13562,10
13563,10
13576,10
13581,10
13582,10
13583,10
13584,10
13585,10
13586,10
13590,10
13591,10
13599,10
13600,10
13602,10
13603,10
13604,10
13609,10
13612,10
13661,10
13664,10
13665,10
13675,10
13676,10
13678,10
13679,10
13680,10
13687,10
13688,10
13689,10
13690,10
13691,10
13692,10
13693,10
13694,10
13765,10
13772,10
13776,10
13777,10
13783,10
13784,10
13785,10
13788,10
13791,10
13792,10
13794,10
13798,10
13804,10
13805,10
13809,10
13810,10
13814,10
13815,10
13816,10
13820,10
13821,10
13830,10
13838,10
13841,10
13845,10
13846,10
13847,10
14143,10
14146,10
14150,10
14155,10
14156,10
14157,10
14158,10
14159,10
14165,10
14172,10
14175,10
14183,10
14184,10
14191,10
14194,10
14195,10
14196,10
14199,10
14208,10
14423,10
14427,10
14429,10
14525,10
14529,10
14530,10
14531,10
14533,10
14535,10
14540,10
14542,10
14545,10
14546,10
14547,10
14552,10
14553,10
14554,10
14692,10
14694,10
14697,10
14700,10
14702,10
14705,10
14706,10
14712,10
14720,10
14770,10
14771,10
14776,10
14777,10
14778,10
14783,10
14784,10
14787,10
14792,10
14793,10
14794,10
14799,10
14804,10
14806,10
14808,10
14809,10
14812,10
14814,10
14815,10
14816,10
14817,10
14820,10
14821,10
14831,10
14832,10
14833,10
14836,10
14839,10
14840,10
14843,10
14846,10
14847,10
14861,10
14862,10
14863,10
14864,10
14865,10
14928,10
14929,10
14934,10
14937,10
14938,10
14941,10
14947,10
14949,10
14950,10
14953,10
14955,10
14958,10
14963,10
14964,10
14968,10
14970,10
14974,10
14975,10
14981,10
14982,10
14983,10
14984,10
14986,10
14988,10
14991,10
14992,10
14993,10
14999,10
15046,10
15047,10
15048,10
15051,10
15052,10
15056,10
15057,10
15058,10
15059,10
15062,10
15075,10
15077,10
15078,10
15081,10
15083,10
15087,10
15088,10
15089,10
15097,10
15102,10
15103,10
15106,10
15108,10
15118,10
15119,10
15353,10
15354,10
15440,10
15441,10
15444,10
15448,10
15449,10
15453,10
15461,10
15610,10
15612,10
15614,10
15615,10
15619,10
15620,10
15621,10
15630,10
15631,10
15632,10
15634,10
15635,10
15638,10
15652,10
15653,10
15657,10
15660,10
15661,10
15662,10
15668,10
15669,10
15671,10
15681,10
15686,10
15690,10
15691,10
15692,10
15694,10
15695,10
15699,10
15701,10
15702,10
15711,10
15712,10
15713,10
15919,10
15922,10
15929,10
15933,10
16033,10
16035,10
16036,10
16038,10
16043,10
16045,10
16046,10
16050,10
16053,10
16054,10
16058,10
16187,10
16188,10
16189,10
16190,10
16191,10
16192,10
16193,10
16198,10
16200,10
16201,10
16250,10
16251,10
16256,10
16260,10
16264,10
16272,10
16275,10
16277,10
16282,10
16287,10
16293,10
16294,10
16300,10
16306,10
16308,10
16311,10
16314,10
16317,10
16318,10
16321,10
16324,10
16325,10
16328,10
16329,10
16386,10
16387,10
16401,10
16402,10
16405,10
16406,10
16407,10
16410,10
16417,10
16420,10
16427,10
16428,10
16435,10
16437,10
16443,10
16444,10
16445,10
16446,10
16447,10
16449,10
16452,10
16453,10
16454,10
16459,10
16460,10
16461,10
16464,10
16465,10
16467,10
16470,10
16509,10
16511,10
16512,10
16530,10
16531,10
16541,10
16542,10
16543,10
16546,10
16550,10
16553,10
16554,10
16561,10
16562,10
16563,10
16564,10
16571,10
16573,10
16574,10
16575,10
16579,10
16584,10
16585,10
16588,10
16589,10
16590,10
16591,10
16593,10
16594,10
16595,10
16598,10
16599,10
16601,10
16602,10
16822,10
16823,10
16827,10
16828,10
16829,10
16831,10
16932,10
16933,10
16934,10
16935,10
16938,10
16945,10
16946,10
17085,10
17087,10
17094,10
17097,10
17098,10
17101,10
17105,10
17110,10
17112,10
17115,10
17182,10
17185,10
17186,10
17192,10
17193,10
17202,10
17203,10
17204,10
17205,10
17207,10
17213,10
17214,10
17218,10
17225,10
17226,10
17626,10
17627,10
17628,10
17632,10
17639,10
17642,10
17644,10
17645,10
17649,10
17650,10
17700,10
17701,10
17702,10
17705,10
17706,10
17708,10
17709,10
17710,10
17715,10
17717,10
17720,10
17723,10
17743,10
17744,10
17747,10
17750,10
17753,10
17755,10
17757,10
17760,10
17763,10
17772,10
17776,10
17782,10
17785,10
17786,10
17790,10
17792,10
17793,10
17794,10
17795,10
17798,10
17803,10
17807,10
17808,10
17810,10
17812,10
17813,10
17814,10
17815,10
17819,10
17820,10
17821,10
17828,10
17829,10
17835,10
17838,10
17839,10
17840,10
17841,10
17844,10
17849,10
17855,10
17879,10
17880,10
17881,10
17882,10
17884,10
17886,10
17887,10
17888,10
17889,10
17890,10
17892,10
17895,10
17896,10
17903,10
17933,10
17936,10
17937,10
17943,10
17948,10
17951,10
17958,10
17959,10
17960,10
17961,10
17962,10
17965,10
17966,10
17967,10
17968,10
17969,10
17972,10
17974,10
17977,10
17978,10
17979,10
17981,10
17990,10
17991,10
18000,10
18007,10
18012,10
18013,10
18021,10
18024,10
18026,10
18028,10
18030,10
18037,10
18041,10
18042,10
18044,10
18048,10
18126,10
18127,10
18135,10
18136,10
18141,10
18147,10
18149,10
18155,10
18156,10
18158,10
18160,10
18165,10
18166,10
18168,10
18172,10
18173,10
18177,10
18178,10
18181,10
18186,10
18187,10
18620,10
18621,10
18622,10
18625,10
18627,10
18629,10
18631,10
18632,10
18633,10
19031,10
19032,10
19036,10
19037,10
19044,10
19047,10
19048,10
19049,10
19050,10
19054,10
19055,10
19058,10
19059,10
19060,10
19066,10
19070,10
19071,10
19072,10
19073,10
19077,10
19082,10
19172,10
19173,10
19175,10
19184,10
19186,10
19187,10
19190,10
19192,10
19193,10
19195,10
19247,10
19253,10
19258,10
19260,10
19261,10
19262,10
19263,10
19278,10
19279,10
19290,10
19291,10
19299,10
19301,10
19302,10
19305,10
19307,10
19308,10
19312,10
19322,10
19328,10
19334,10
19337,10
19341,10
19342,10
19346,10
19347,10
19348,10
19350,10
19355,10
19359,10
19360,10
19361,10
19362,10
19369,10
19378,10
19379,10
19382,10
19389,10
19392,10
19416,10
19418,10
19424,10
19425,10
19430,10
19433,10
19435,10
19437,10
19440,10
19445,10
19448,10
19455,10
19457,10
19459,10
19461,10
19466,10
19467,10
19470,10
19471,10
19477,10
19478,10
19479,10
19483,10
19486,10
19493,10
19497,10
19498,10
19499,10
19500,10
19502,10
19505,10
19506,10
19510,10
19511,10
19512,10
19513,10
19520,10
19522,10
19523,10
19905,10
19906,10
19911,10
19912,10
19916,10
19917,10
19918,10
19919,10
19926,10
19927,10
19928,10
19933,10
19938,10
19939,10
19940,10
19941,10
19942,10
19946,10
20042,10
20048,10
20049,10
20052,10
20053,10
20054,10
20055,10
20058,10
20060,10
20133,10
20134,10
20136,10
20147,10
20149,10
20150,10
20164,10
20165,10
20167,10
20170,10
20172,10
20173,10
20179,10
20550,10
20551,10
20552,10
20557,10
20558,10
20561,10
20562,10
20564,10
20565,10
20566,10
20567,10
20569,10
20570,10
20571,10
20575,10
20576,10
20577,10
20585,10
20588,10
20592,10
20596,10
20599,10
20710,10
20711,10
20712,10
20713,10
20714,10
20717,10
20718,10
20721,10
20724,10
20725,10
20730,10
20800,10
20801,10
20804,10
20806,10
20807,10
20809,10
20811,10
20824,10
20825,10
20832,10
20834,10
20837,10
20838,10
20839,10
20848,10
20849,10
20850,10
20851,10
20852,10
20856,10
20859,10
20862,10
20863,10
20864,10
20866,10
20868,10
20869,10
20872,10
20875,10
20879,10
20880,10
20881,10
20885,10
20886,10
20889,10
20890,10
20892,10
20900,10
20902,10
20904,10
20906,10
20907,10
20909,10
20917,10
20921,10
20922,10
20929,10
20931,10
20933,10
20938,10
20943,10
20947,10
20949,10
20950,10
20951,10
20952,10
20963,10
20965,10
20968,10
20972,10
20973,10
20975,10
20982,10
21011,10
21012,10
21018,10
21020,10
21023,10
21025,10
21026,10
21027,10
21028,10
21034,10
21036,10
21039,10
21040,10
21044,10
21046,10
21049,10
21053,10
21056,10
21060,10
21066,10
21067,10
21068,10
21069,10
21071,10
21074,10
21079,10
21083,10
21092,10
21093,10
21101,10
21103,10
21104,10
21105,10
21106,10
21110,10
21111,10
21116,10
21118,10
21124,10
21130,10
21134,10
21135,10
21136,10
21137,10
21507,10
21508,10
21509,10
21511,10
21512,10
21515,10
21516,10
21517,10
21520,10
21524,10
21525,10
21533,10
21534,10
21540,10
21541,10
21544,10
21545,10
21547,10
21548,10
21668,10
21669,10
21678,10
21679,10
21682,10
21683,10
21738,10
21739,10
21740,10
21817,10
21822,10
21824,10
21829,10
21830,10
21839,10
21840,10
21841,10
21847,10
21848,10
21854,10
21855,10
21856,10
21857,10
21858,10
21864,10
21865,10
21870,10
22302,10
22304,10
22305,10
22308,10
22309,10
22311,10
22313,10
22315,10
22320,10
22321,10
22325,10
22382,10
22383,10
22385,10
22388,10
22396,10
22416,10
22418,10
22421,10
22422,10
22427,10
22428,10
22429,10
22433,10
22434,10
22437,10
22439,10
22442,10
22446,10
22451,10
22452,10
22454,10
22456,10
22457,10
22460,10
22461,10
22467,10
22468,10
22470,10
22475,10
22496,10
22502,10
22503,10
22504,10
22505,10
22510,10
22518,10
22520,10
22526,10
22528,10
22530,10
22532,10
22535,10
22536,10
22539,10
22540,10
22550,10
22553,10
22554,10
22557,10
22558,10
22559,10
22560,10
22564,10
22566,10
22569,10
22570,10
22586,10
22588,10
22589,10
22592,10
22594,10
22596,10
22599,10
22600,10
22602,10
22604,10
22605,10
22608,10
22611,10
22613,10
22614,10
22616,10
22618,10
22622,10
22629,10
22630,10
22631,10
22634,10
22635,10
22636,10
22637,10
22639,10
22640,10
22642,10
22643,10
22646,10
22653,10
22656,10
22657,10
22662,10
22667,10
22668,10
22669,10
22670,10
22671,10
22672,10
22686,10
22687,10
22695,10
22794,10
22798,10
22799,10
22807,10
22808,10
22811,10
22812,10
22813,10
22818,10
22819,10
22822,10
22823,10
22825,10
22826,10
22828,10
22837,10
22838,10
22869,10
23219,10
23220,10
23223,10
23224,10
23225,10
23230,10
23232,10
23235,10
23236,10
23442,10
23597,10
23598,10
23599,10
23606,10
23607,10
23608,10
23613,10
23614,10
23615,10
23617,10
23618,10
23620,10
23625,10
23628,10
23629,10
23630,10
23635,10
23636,10
23638,10
23639,10
23743,10
23747,10
23750,10
23751,10
23752,10
23753,10
23760,10
23762,10
23767,10
23768,10
23769,10
23770,10
23774,10
23775,10
23777,10
23779,10
23904,10
23907,10
23923,10
23924,10
23930,10
23935,10
23938,10
23940,10
23943,10
23944,10
23945,10
23948,10
23954,10
23966,10
23967,10
23968,10
23971,10
23976,10
23978,10
23983,10
23984,10
23985,10
23986,10
23987,10
23988,10
23989,10
24011,10
24015,10
24019,10
24020,10
24026,10
24030,10
24031,10
24034,10
24035,10
24044,10
24045,10
24047,10
24048,10
24050,10
24051,10
24054,10
24055,10
24058,10
24064,10
24065,10
24069,10
24071,10
24073,10
24079,10
24085,10
24093,10
24094,10
24100,10
24101,10
24104,10
24112,10
24114,10
24115,10
24132,10
24138,10
24144,10
24145,10
24151,10
24152,10
24154,10
24184,10
24186,10
24187,10
24188,10
24189,10
24192,10
24193,10
24197,10
24199,10
24200,10
24202,10
24207,10
24211,10
24212,10
24213,10
24216,10
24217,10
24218,10
24533,10
24534,10
24537,10
24540,10
24541,10
24545,10
24546,10
24549,10
24550,10
24554,10
24555,10
24557,10
24558,10
24566,10
24568,10
24569,10
24573,10
24574,10
24575,10
24576,10
24577,10
24581,10
24582,10
24583,10
24689,10
24697,10
24699,10
24702,10
24703,10
24705,10
24712,10
24714,10
24720,10
24721,10
24835,10
24840,10
24847,10
24851,10
24852,10
24853,10
24857,10
24858,10
24859,10
24860,10
24865,10
24868,10
24869,10
24870,10
24880,10
24881,10
25141,10
25298,10
25301,10
25304,10
25308,10
25312,10
25313,10
25315,10
25324,10
25325,10
25446,10
25447,10
25448,10
25453,10
25454,10
25465,10
25467,10
25470,10
25474,10
25477,10
25480,10
25481,10
25482,10
25488,10
25489,10
25493,10
25499,10
25500,10
25501,10
25502,10
25505,10
25506,10
25510,10
25511,10
25512,10
25523,10
25531,10
25537,10
25544,10
25545,10
25546,10
25547,10
25553,10
25572,10
25573,10
25576,10
25577,10
25578,10
25582,10
25584,10
25585,10
25592,10
25598,10
25599,10
25603,10
25604,10
25605,10
25608,10
25609,10
25611,10
25612,10
25615,10
25616,10
25626,10
25627,10
25628,10
25631,10
25632,10
25636,10
25637,10
25641,10
25642,10
25646,10
25647,10
25655,10
25656,10
25657,10
25659,10
25668,10
25669,10
25675,10
25676,10
25682,10
25686,10
25687,10
25689,10
25690,10
25692,10
25699,10
25701,10
25703,10
25721,10
25726,10
25727,10
25728,10
25731,10
25732,10
25739,10
25741,10
25746,10
25747,10
25748,10
25750,10
25753,10
25755,10
25757,10
25760,10
25761,10
25774,10
25775,10
25776,10
25778,10
25781,10
25782,10
25783,10
25784,10
25785,10
25796,10
25798,10
25799,10
25800,10
25801,10
25804,10
25805,10
26037,10
26205,10
26206,10
26207,10
26208,10
26210,10
26211,10
26214,10
26215,10
26216,10
26217,10
26218,10
26219,10
26220,10
26222,10
26232,10
26356,10
26359,10
26360,10
26361,10
26364,10
26372,10
26379,10
26386,10
26387,10
26390,10
26397,10
26398,10
26400,10
26401,10
26404,10
26407,10
26408,10
26409,10
26411,10
26416,10
26417,10
26817,10
26820,10
26824,10
26830,10
26833,10
26834,10
26836,10
26837,10
26842,10
26844,10
26846,10
26848,10
26849,10
26850,10
26858,10
26860,10
26863,10
26865,10
26866,10
26868,10
26869,10
26870,10
26876,10
26877,10
26885,10
26886,10
26887,10
26888,10
26890,10
26891,10
26892,10
26893,10
26895,10
26896,10
26897,10
26900,10
26901,10
26905,10
26906,10
26910,10
26911,10
26913,10
26914,10
26915,10
26928,10
26929,10
26931,10
26932,10
26934,10
26937,10
26938,10
26942,10
26944,10
26947,10
26949,10
26955,10
26956,10
26959,10
26960,10
26962,10
26966,10
26970,10
26971,10
26973,10
26978,10
26979,10
26992,10
26993,10
26999,10
27002,10
27007,10
27008,10
27009,10
27121,10
27125,10
27130,10
27131,10
27132,10
27137,10
27140,10
27141,10
27151,10
27152,10
27156,10
27158,10
27162,10
27164,10
27165,10
27168,10
27171,10
27175,10
27177,10
27179,10
27185,10
27186,10
27305,10
27308,10
27317,10
27319,10
27331,10
27337,10
27762,10
27778,10
27781,10
27782,10
27783,10
27785,10
27786,10
27788,10
27789,10
27790,10
27794,10
27799,10
27800,10
27802,10
27804,10
27806,10
27810,10
27815,10
27817,10
27818,10
27819,10
27820,10
27821,10
27822,10
27827,10
27828,10
27833,10
27837,10
27839,10
27841,10
27842,10
27847,10
27848,10
27852,10
27856,10
27880,10
27885,10
27890,10
27891,10
27892,10
27894,10
27896,10
27901,10
27904,10
27905,10
27906,10
27907,10
27909,10
27925,10
27927,10
27928,10
27929,10
27938,10
27939,10
27940,10
27945,10
27946,10
27949,10
27953,10
27955,10
27956,10
27957,10
27958,10
27964,10
27965,10
27967,10
28365,10
28366,10
28367,10
28370,10
28371,10
28372,10
28375,10
28377,10
28386,10
28387,10
28392,10
28397,10
28399,10
28403,10
28408,10
28410,10
28411,10
28413,10
28415,10
28416,10
28417,10
28424,10
28425,10
28426,10
28427,10
28428,10
28436,10
28437,10
28438,10
28439,10
28446,10
28448,10
28451,10
28459,10
28463,10
28468,10
28469,10
28473,10
28474,10
28477,10
28503,10
28508,10
28511,10
28515,10
28516,10
28517,10
28523,10
28524,10
28525,10
28526,10
28527,10
28530,10
28549,10
28552,10
28557,10
28561,10
28570,10
28692,10
28693,10
28694,10
28695,10
28696,10
28697,10
28703,10
28704,10
28709,10
28712,10
28723,10
28729,10
28730,10
28731,10
28732,10
28733,10
28734,10
28735,10
28738,10
28742,10
28745,10
28746,10
28747,10
28748,10
28753,10
28755,10
28759,10
28877,10
28878,10
28879,10
28880,10
28883,10
28884,10
28891,10
28892,10
28896,10
28898,10
28899,10
28903,10
28907,10
28908,10
28913,10
28914,10
28916,10
28918,10
28921,10
29357,10
29358,10
29359,10
29360,10
29366,10
29367,10
29368,10
29369,10
29373,10
29376,10
29382,10
29383,10
29384,10
29386,10
29392,10
29401,10
29407,10
29411,10
29416,10
29425,10
29431,10
29432,10
29433,10
29439,10
29443,10
29444,10
29468,10
29469,10
29473,10
29477,10
29478,10
29480,10
29546,10
29587,10
29612,10
29615,10
29618,10
29644,10
29713,10
29736,10
29741,10
29776,10
29778,10
29796,10
29851,10
29857,10
29860,10
29868,10
29874,10
29904,10
29908,10
29922,10
29926,10
29932,10
29941,10
29952,10
29978,10
29980,10
29985,10
29990,10
30005,10
30019,10
30025,10
30030,10
30044,10
30050,10
30072,10
30102,10
30104,10
30113,10
